global_index,layer_index,name,args,input_#,output_#,Param_#,dp_index,pp_index,tp_index,opcode,target,layer_type,input_shape,output_shape,param_shape,kwargs,dtype_size,direction,avg_mem_grp_idx,avg_mem_grp_size,min_comm_grp_id,min_comm_grp_sum,min_comm_grp_last_weight,compute_density_ops
0,177,output_bkwd_0,(),100,100,0,0,0,0,output,output,,"[10, 10]","[10, 10]",0,{},[4],BKWD,8,1073162,7,5536778,100,100.0
1,176,fc_bkwd_0,"('output_bkwd_0',)",100,100,20490,0,0,0,call_module,fc,Linear,"[10, 10]","[10, 10]","{'weight': torch.Size([10, 2048]), 'bias': torch.Size([10])}",{},[4],BKWD,8,1073162,7,5536778,100,175937606.17844746
2,175,view_bkwd_0,"('fc_bkwd_0',)",20480,20480,0,0,0,0,call_method,view,,"[10, 2048, 1, 1]","[10, 2048, 1, 1]",0,{},[4],BKWD,8,1073162,7,5536778,100,20480.0
3,174,size_bkwd_0,"('view_bkwd_0',)",20480,20480,0,0,0,0,call_method,size,,"[10, 2048, 1, 1]","[10, 2048, 1, 1]",0,{},[4],BKWD,8,1073162,7,5536778,100,20480.0
4,173,avgpool_bkwd_0,"('size_bkwd_0', 'view_bkwd_0')",20480,20480,0,0,0,0,call_module,avgpool,AvgPool2d,"[10, 2048, 1, 1]","[10, 2048, 1, 1]",{},{},[4],BKWD,8,1073162,7,5536778,100,163840.0
5,172,layer4_2_relu_2_bkwd_0,"('avgpool_bkwd_0',)",81920,81920,0,0,0,0,call_module,layer4.2.relu,ReLU,"[10, 2048, 2, 2]","[10, 2048, 2, 2]",{},{},[4],BKWD,8,1073162,7,5536778,100,327680.0
6,171,add_15_bkwd_0,"('layer4_2_relu_2_bkwd_0',)",81920,81920,0,0,0,0,call_function,<built-in function add>,,"[10, 2048, 2, 2]","[10, 2048, 2, 2]",0,{},[4],BKWD,8,1073162,7,5536778,100,81920.0
7,170,layer4_2_bn3_bkwd_0,"('add_15_bkwd_0',)",81920,81920,4096,0,0,0,call_module,layer4.2.bn3,BatchNorm2d,"[10, 2048, 2, 2]","[10, 2048, 2, 2]","{'weight': torch.Size([2048]), 'bias': torch.Size([2048])}",{},[4],BKWD,8,1073162,7,5536778,100,2981888.0
8,169,layer4_2_conv3_bkwd_0,"('layer4_2_bn3_bkwd_0',)",81920,81920,1048576,0,0,0,call_module,layer4.2.conv3,Conv2d,"[10, 2048, 2, 2]","[10, 2048, 2, 2]","{'weight': torch.Size([2048, 512, 1, 1])}",{},[4],BKWD,8,1073162,7,5536778,100,83886080.0
9,168,layer4_2_relu_1_bkwd_0,"('layer4_2_conv3_bkwd_0',)",20480,20480,0,0,0,0,call_module,layer4.2.relu,ReLU,"[10, 512, 2, 2]","[10, 512, 2, 2]",{},{},[4],BKWD,7,3409920,7,5536778,100,81920.0
10,167,layer4_2_bn2_bkwd_0,"('layer4_2_relu_1_bkwd_0',)",20480,20480,1024,0,0,0,call_module,layer4.2.bn2,BatchNorm2d,"[10, 512, 2, 2]","[10, 512, 2, 2]","{'weight': torch.Size([512]), 'bias': torch.Size([512])}",{},[4],BKWD,7,3409920,7,5536778,100,745472.0
11,166,layer4_2_conv2_bkwd_0,"('layer4_2_bn2_bkwd_0',)",20480,20480,2359296,0,0,0,call_module,layer4.2.conv2,Conv2d,"[10, 512, 2, 2]","[10, 512, 2, 2]","{'weight': torch.Size([512, 512, 3, 3])}",{},[4],BKWD,7,3409920,7,5536778,100,188743680.0
12,165,layer4_2_relu_bkwd_0,"('layer4_2_conv2_bkwd_0',)",20480,20480,0,0,0,0,call_module,layer4.2.relu,ReLU,"[10, 512, 2, 2]","[10, 512, 2, 2]",{},{},[4],BKWD,7,3409920,7,5536778,100,81920.0
13,164,layer4_2_bn1_bkwd_0,"('layer4_2_relu_bkwd_0',)",20480,20480,1024,0,0,0,call_module,layer4.2.bn1,BatchNorm2d,"[10, 512, 2, 2]","[10, 512, 2, 2]","{'weight': torch.Size([512]), 'bias': torch.Size([512])}",{},[4],BKWD,7,3409920,7,5536778,100,745472.0
14,163,layer4_2_conv1_bkwd_0,"('layer4_2_bn1_bkwd_0',)",20480,20480,1048576,0,0,0,call_module,layer4.2.conv1,Conv2d,"[10, 512, 2, 2]","[10, 512, 2, 2]","{'weight': torch.Size([512, 2048, 1, 1])}",{},[4],BKWD,7,3409920,7,5536778,100,83886080.0
15,162,layer4_1_relu_2_bkwd_0,"('layer4_2_conv1_bkwd_0', 'add_15_bkwd_0')",81920,81920,0,0,0,0,call_module,layer4.1.relu,ReLU,"[10, 2048, 2, 2]","[10, 2048, 2, 2]",{},{},[4],BKWD,6,3412992,7,5536778,100,327680.0
16,161,add_14_bkwd_0,"('layer4_1_relu_2_bkwd_0',)",81920,81920,0,0,0,0,call_function,<built-in function add>,,"[10, 2048, 2, 2]","[10, 2048, 2, 2]",0,{},[4],BKWD,6,3412992,7,5536778,100,81920.0
17,160,layer4_1_bn3_bkwd_0,"('add_14_bkwd_0',)",81920,81920,4096,0,0,0,call_module,layer4.1.bn3,BatchNorm2d,"[10, 2048, 2, 2]","[10, 2048, 2, 2]","{'weight': torch.Size([2048]), 'bias': torch.Size([2048])}",{},[4],BKWD,6,3412992,7,5536778,100,2981888.0
18,159,layer4_1_conv3_bkwd_0,"('layer4_1_bn3_bkwd_0',)",81920,81920,1048576,0,0,0,call_module,layer4.1.conv3,Conv2d,"[10, 2048, 2, 2]","[10, 2048, 2, 2]","{'weight': torch.Size([2048, 512, 1, 1])}",{},[4],BKWD,6,3412992,7,5536778,100,83886080.0
19,158,layer4_1_relu_1_bkwd_0,"('layer4_1_conv3_bkwd_0',)",20480,20480,0,0,0,0,call_module,layer4.1.relu,ReLU,"[10, 512, 2, 2]","[10, 512, 2, 2]",{},{},[4],BKWD,6,3412992,7,5536778,100,81920.0
20,157,layer4_1_bn2_bkwd_0,"('layer4_1_relu_1_bkwd_0',)",20480,20480,1024,0,0,0,call_module,layer4.1.bn2,BatchNorm2d,"[10, 512, 2, 2]","[10, 512, 2, 2]","{'weight': torch.Size([512]), 'bias': torch.Size([512])}",{},[4],BKWD,6,3412992,7,5536778,100,745472.0
21,156,layer4_1_conv2_bkwd_0,"('layer4_1_bn2_bkwd_0',)",20480,20480,2359296,0,0,0,call_module,layer4.1.conv2,Conv2d,"[10, 512, 2, 2]","[10, 512, 2, 2]","{'weight': torch.Size([512, 512, 3, 3])}",{},[4],BKWD,6,3412992,6,2360320,20480,188743680.0
22,155,layer4_1_relu_bkwd_0,"('layer4_1_conv2_bkwd_0',)",20480,20480,0,0,0,0,call_module,layer4.1.relu,ReLU,"[10, 512, 2, 2]","[10, 512, 2, 2]",{},{},[4],BKWD,5,3150848,6,2360320,20480,81920.0
23,154,layer4_1_bn1_bkwd_0,"('layer4_1_relu_bkwd_0',)",20480,20480,1024,0,0,0,call_module,layer4.1.bn1,BatchNorm2d,"[10, 512, 2, 2]","[10, 512, 2, 2]","{'weight': torch.Size([512]), 'bias': torch.Size([512])}",{},[4],BKWD,5,3150848,6,2360320,20480,745472.0
24,153,layer4_1_conv1_bkwd_0,"('layer4_1_bn1_bkwd_0',)",20480,20480,1048576,0,0,0,call_module,layer4.1.conv1,Conv2d,"[10, 512, 2, 2]","[10, 512, 2, 2]","{'weight': torch.Size([512, 2048, 1, 1])}",{},[4],BKWD,5,3150848,5,4203520,20480,83886080.0
25,152,layer4_0_relu_2_bkwd_0,"('layer4_1_conv1_bkwd_0', 'add_14_bkwd_0')",81920,81920,0,0,0,0,call_module,layer4.0.relu,ReLU,"[10, 2048, 2, 2]","[10, 2048, 2, 2]",{},{},[4],BKWD,5,3150848,5,4203520,20480,327680.0
26,151,add_13_bkwd_0,"('layer4_0_relu_2_bkwd_0',)",81920,81920,0,0,0,0,call_function,<built-in function add>,,"[10, 2048, 2, 2]","[10, 2048, 2, 2]",0,{},[4],BKWD,5,3150848,5,4203520,20480,81920.0
27,150,layer4_0_downsample_1_bkwd_0,"('add_13_bkwd_0',)",81920,81920,4096,0,0,0,call_module,layer4.0.downsample.1,BatchNorm2d,"[10, 2048, 2, 2]","[10, 2048, 2, 2]","{'weight': torch.Size([2048]), 'bias': torch.Size([2048])}",{},[4],BKWD,5,3150848,5,4203520,20480,2981888.0
28,149,layer4_0_downsample_0_bkwd_0,"('layer4_0_downsample_1_bkwd_0',)",81920,81920,2097152,0,0,0,call_module,layer4.0.downsample.0,Conv2d,"[10, 2048, 2, 2]","[10, 2048, 2, 2]","{'weight': torch.Size([2048, 1024, 1, 1])}",{},[4],BKWD,5,3150848,5,4203520,20480,167772160.0
29,148,layer4_0_bn3_bkwd_0,"('add_13_bkwd_0',)",81920,81920,4096,0,0,0,call_module,layer4.0.bn3,BatchNorm2d,"[10, 2048, 2, 2]","[10, 2048, 2, 2]","{'weight': torch.Size([2048]), 'bias': torch.Size([2048])}",{},[4],BKWD,4,3412992,5,4203520,20480,2981888.0
30,147,layer4_0_conv3_bkwd_0,"('layer4_0_bn3_bkwd_0',)",81920,81920,1048576,0,0,0,call_module,layer4.0.conv3,Conv2d,"[10, 2048, 2, 2]","[10, 2048, 2, 2]","{'weight': torch.Size([2048, 512, 1, 1])}",{},[4],BKWD,4,3412992,5,4203520,20480,83886080.0
31,146,layer4_0_relu_1_bkwd_0,"('layer4_0_conv3_bkwd_0',)",20480,20480,0,0,0,0,call_module,layer4.0.relu,ReLU,"[10, 512, 2, 2]","[10, 512, 2, 2]",{},{},[4],BKWD,4,3412992,5,4203520,20480,81920.0
32,145,layer4_0_bn2_bkwd_0,"('layer4_0_relu_1_bkwd_0',)",20480,20480,1024,0,0,0,call_module,layer4.0.bn2,BatchNorm2d,"[10, 512, 2, 2]","[10, 512, 2, 2]","{'weight': torch.Size([512]), 'bias': torch.Size([512])}",{},[4],BKWD,4,3412992,5,4203520,20480,745472.0
33,144,layer4_0_conv2_bkwd_0,"('layer4_0_bn2_bkwd_0',)",20480,20480,2359296,0,0,0,call_module,layer4.0.conv2,Conv2d,"[10, 512, 2, 2]","[10, 512, 2, 2]","{'weight': torch.Size([512, 512, 3, 3])}",{},[4],BKWD,4,3412992,4,2359296,20480,188743680.0
34,143,layer4_0_relu_bkwd_0,"('layer4_0_conv2_bkwd_0',)",20480,20480,0,0,0,0,call_module,layer4.0.relu,ReLU,"[10, 512, 2, 2]","[10, 512, 2, 2]",{},{},[4],BKWD,3,2497024,3,0,20480,81920.0
35,142,layer4_0_bn1_bkwd_0,"('layer4_0_relu_bkwd_0',)",20480,20480,1024,0,0,0,call_module,layer4.0.bn1,BatchNorm2d,"[10, 512, 2, 2]","[10, 512, 2, 2]","{'weight': torch.Size([512]), 'bias': torch.Size([512])}",{},[4],BKWD,3,2497024,2,1024,20480,745472.0
36,141,layer4_0_conv1_bkwd_0,"('layer4_0_bn1_bkwd_0',)",20480,20480,524288,0,0,0,call_module,layer4.0.conv1,Conv2d,"[10, 512, 2, 2]","[10, 512, 2, 2]","{'weight': torch.Size([512, 1024, 1, 1])}",{},[4],BKWD,3,2497024,1,5848064,20480,41943040.0
37,140,layer3_5_relu_2_bkwd_0,"('layer4_0_conv1_bkwd_0', 'layer4_0_downsample_0_bkwd_0')",163840,163840,0,0,0,0,call_module,layer3.5.relu,ReLU,"[10, 1024, 4, 4]","[10, 1024, 4, 4]",{},{},[4],BKWD,3,2497024,1,5848064,20480,655360.0
38,139,add_12_bkwd_0,"('layer3_5_relu_2_bkwd_0',)",163840,163840,0,0,0,0,call_function,<built-in function add>,,"[10, 1024, 4, 4]","[10, 1024, 4, 4]",0,{},[4],BKWD,3,2497024,1,5848064,20480,163840.0
39,138,layer3_5_bn3_bkwd_0,"('add_12_bkwd_0',)",163840,163840,2048,0,0,0,call_module,layer3.5.bn3,BatchNorm2d,"[10, 1024, 4, 4]","[10, 1024, 4, 4]","{'weight': torch.Size([1024]), 'bias': torch.Size([1024])}",{},[4],BKWD,3,2497024,1,5848064,20480,5914624.0
40,137,layer3_5_conv3_bkwd_0,"('layer3_5_bn3_bkwd_0',)",163840,163840,262144,0,0,0,call_module,layer3.5.conv3,Conv2d,"[10, 1024, 4, 4]","[10, 1024, 4, 4]","{'weight': torch.Size([1024, 256, 1, 1])}",{},[4],BKWD,3,2497024,1,5848064,20480,83886080.0
41,136,layer3_5_relu_1_bkwd_0,"('layer3_5_conv3_bkwd_0',)",40960,40960,0,0,0,0,call_module,layer3.5.relu,ReLU,"[10, 256, 4, 4]","[10, 256, 4, 4]",{},{},[4],BKWD,3,2497024,1,5848064,20480,163840.0
42,135,layer3_5_bn2_bkwd_0,"('layer3_5_relu_1_bkwd_0',)",40960,40960,512,0,0,0,call_module,layer3.5.bn2,BatchNorm2d,"[10, 256, 4, 4]","[10, 256, 4, 4]","{'weight': torch.Size([256]), 'bias': torch.Size([256])}",{},[4],BKWD,3,2497024,1,5848064,20480,1478656.0
43,134,layer3_5_conv2_bkwd_0,"('layer3_5_bn2_bkwd_0',)",40960,40960,589824,0,0,0,call_module,layer3.5.conv2,Conv2d,"[10, 256, 4, 4]","[10, 256, 4, 4]","{'weight': torch.Size([256, 256, 3, 3])}",{},[4],BKWD,3,2497024,1,5848064,20480,188743680.0
44,133,layer3_5_relu_bkwd_0,"('layer3_5_conv2_bkwd_0',)",40960,40960,0,0,0,0,call_module,layer3.5.relu,ReLU,"[10, 256, 4, 4]","[10, 256, 4, 4]",{},{},[4],BKWD,3,2497024,1,5848064,20480,163840.0
45,132,layer3_5_bn1_bkwd_0,"('layer3_5_relu_bkwd_0',)",40960,40960,512,0,0,0,call_module,layer3.5.bn1,BatchNorm2d,"[10, 256, 4, 4]","[10, 256, 4, 4]","{'weight': torch.Size([256]), 'bias': torch.Size([256])}",{},[4],BKWD,3,2497024,1,5848064,20480,1478656.0
46,131,layer3_5_conv1_bkwd_0,"('layer3_5_bn1_bkwd_0',)",40960,40960,262144,0,0,0,call_module,layer3.5.conv1,Conv2d,"[10, 256, 4, 4]","[10, 256, 4, 4]","{'weight': torch.Size([256, 1024, 1, 1])}",{},[4],BKWD,3,2497024,1,5848064,20480,83886080.0
47,130,layer3_4_relu_2_bkwd_0,"('layer3_5_conv1_bkwd_0', 'add_12_bkwd_0')",163840,163840,0,0,0,0,call_module,layer3.4.relu,ReLU,"[10, 1024, 4, 4]","[10, 1024, 4, 4]",{},{},[4],BKWD,3,2497024,1,5848064,20480,655360.0
48,129,add_11_bkwd_0,"('layer3_4_relu_2_bkwd_0',)",163840,163840,0,0,0,0,call_function,<built-in function add>,,"[10, 1024, 4, 4]","[10, 1024, 4, 4]",0,{},[4],BKWD,3,2497024,1,5848064,20480,163840.0
49,128,layer3_4_bn3_bkwd_0,"('add_11_bkwd_0',)",163840,163840,2048,0,0,0,call_module,layer3.4.bn3,BatchNorm2d,"[10, 1024, 4, 4]","[10, 1024, 4, 4]","{'weight': torch.Size([1024]), 'bias': torch.Size([1024])}",{},[4],BKWD,3,2497024,1,5848064,20480,5914624.0
50,127,layer3_4_conv3_bkwd_0,"('layer3_4_bn3_bkwd_0',)",163840,163840,262144,0,0,0,call_module,layer3.4.conv3,Conv2d,"[10, 1024, 4, 4]","[10, 1024, 4, 4]","{'weight': torch.Size([1024, 256, 1, 1])}",{},[4],BKWD,3,2497024,1,5848064,20480,83886080.0
51,126,layer3_4_relu_1_bkwd_0,"('layer3_4_conv3_bkwd_0',)",40960,40960,0,0,0,0,call_module,layer3.4.relu,ReLU,"[10, 256, 4, 4]","[10, 256, 4, 4]",{},{},[4],BKWD,3,2497024,1,5848064,20480,163840.0
52,125,layer3_4_bn2_bkwd_0,"('layer3_4_relu_1_bkwd_0',)",40960,40960,512,0,0,0,call_module,layer3.4.bn2,BatchNorm2d,"[10, 256, 4, 4]","[10, 256, 4, 4]","{'weight': torch.Size([256]), 'bias': torch.Size([256])}",{},[4],BKWD,3,2497024,1,5848064,20480,1478656.0
53,124,layer3_4_conv2_bkwd_0,"('layer3_4_bn2_bkwd_0',)",40960,40960,589824,0,0,0,call_module,layer3.4.conv2,Conv2d,"[10, 256, 4, 4]","[10, 256, 4, 4]","{'weight': torch.Size([256, 256, 3, 3])}",{},[4],BKWD,3,2497024,1,5848064,20480,188743680.0
54,123,layer3_4_relu_bkwd_0,"('layer3_4_conv2_bkwd_0',)",40960,40960,0,0,0,0,call_module,layer3.4.relu,ReLU,"[10, 256, 4, 4]","[10, 256, 4, 4]",{},{},[4],BKWD,2,3351552,1,5848064,20480,163840.0
55,122,layer3_4_bn1_bkwd_0,"('layer3_4_relu_bkwd_0',)",40960,40960,512,0,0,0,call_module,layer3.4.bn1,BatchNorm2d,"[10, 256, 4, 4]","[10, 256, 4, 4]","{'weight': torch.Size([256]), 'bias': torch.Size([256])}",{},[4],BKWD,2,3351552,1,5848064,20480,1478656.0
56,121,layer3_4_conv1_bkwd_0,"('layer3_4_bn1_bkwd_0',)",40960,40960,262144,0,0,0,call_module,layer3.4.conv1,Conv2d,"[10, 256, 4, 4]","[10, 256, 4, 4]","{'weight': torch.Size([256, 1024, 1, 1])}",{},[4],BKWD,2,3351552,1,5848064,20480,83886080.0
57,120,layer3_3_relu_2_bkwd_0,"('layer3_4_conv1_bkwd_0', 'add_11_bkwd_0')",163840,163840,0,0,0,0,call_module,layer3.3.relu,ReLU,"[10, 1024, 4, 4]","[10, 1024, 4, 4]",{},{},[4],BKWD,2,3351552,1,5848064,20480,655360.0
58,119,add_10_bkwd_0,"('layer3_3_relu_2_bkwd_0',)",163840,163840,0,0,0,0,call_function,<built-in function add>,,"[10, 1024, 4, 4]","[10, 1024, 4, 4]",0,{},[4],BKWD,2,3351552,1,5848064,20480,163840.0
59,118,layer3_3_bn3_bkwd_0,"('add_10_bkwd_0',)",163840,163840,2048,0,0,0,call_module,layer3.3.bn3,BatchNorm2d,"[10, 1024, 4, 4]","[10, 1024, 4, 4]","{'weight': torch.Size([1024]), 'bias': torch.Size([1024])}",{},[4],BKWD,2,3351552,1,5848064,20480,5914624.0
60,117,layer3_3_conv3_bkwd_0,"('layer3_3_bn3_bkwd_0',)",163840,163840,262144,0,0,0,call_module,layer3.3.conv3,Conv2d,"[10, 1024, 4, 4]","[10, 1024, 4, 4]","{'weight': torch.Size([1024, 256, 1, 1])}",{},[4],BKWD,2,3351552,1,5848064,20480,83886080.0
61,116,layer3_3_relu_1_bkwd_0,"('layer3_3_conv3_bkwd_0',)",40960,40960,0,0,0,0,call_module,layer3.3.relu,ReLU,"[10, 256, 4, 4]","[10, 256, 4, 4]",{},{},[4],BKWD,2,3351552,1,5848064,20480,163840.0
62,115,layer3_3_bn2_bkwd_0,"('layer3_3_relu_1_bkwd_0',)",40960,40960,512,0,0,0,call_module,layer3.3.bn2,BatchNorm2d,"[10, 256, 4, 4]","[10, 256, 4, 4]","{'weight': torch.Size([256]), 'bias': torch.Size([256])}",{},[4],BKWD,2,3351552,1,5848064,20480,1478656.0
63,114,layer3_3_conv2_bkwd_0,"('layer3_3_bn2_bkwd_0',)",40960,40960,589824,0,0,0,call_module,layer3.3.conv2,Conv2d,"[10, 256, 4, 4]","[10, 256, 4, 4]","{'weight': torch.Size([256, 256, 3, 3])}",{},[4],BKWD,2,3351552,1,5848064,20480,188743680.0
64,113,layer3_3_relu_bkwd_0,"('layer3_3_conv2_bkwd_0',)",40960,40960,0,0,0,0,call_module,layer3.3.relu,ReLU,"[10, 256, 4, 4]","[10, 256, 4, 4]",{},{},[4],BKWD,2,3351552,1,5848064,20480,163840.0
65,112,layer3_3_bn1_bkwd_0,"('layer3_3_relu_bkwd_0',)",40960,40960,512,0,0,0,call_module,layer3.3.bn1,BatchNorm2d,"[10, 256, 4, 4]","[10, 256, 4, 4]","{'weight': torch.Size([256]), 'bias': torch.Size([256])}",{},[4],BKWD,2,3351552,1,5848064,20480,1478656.0
66,111,layer3_3_conv1_bkwd_0,"('layer3_3_bn1_bkwd_0',)",40960,40960,262144,0,0,0,call_module,layer3.3.conv1,Conv2d,"[10, 256, 4, 4]","[10, 256, 4, 4]","{'weight': torch.Size([256, 1024, 1, 1])}",{},[4],BKWD,2,3351552,1,5848064,20480,83886080.0
67,110,layer3_2_relu_2_bkwd_0,"('layer3_3_conv1_bkwd_0', 'add_10_bkwd_0')",163840,163840,0,0,0,0,call_module,layer3.2.relu,ReLU,"[10, 1024, 4, 4]","[10, 1024, 4, 4]",{},{},[4],BKWD,2,3351552,1,5848064,20480,655360.0
68,109,add_9_bkwd_0,"('layer3_2_relu_2_bkwd_0',)",163840,163840,0,0,0,0,call_function,<built-in function add>,,"[10, 1024, 4, 4]","[10, 1024, 4, 4]",0,{},[4],BKWD,2,3351552,1,5848064,20480,163840.0
69,108,layer3_2_bn3_bkwd_0,"('add_9_bkwd_0',)",163840,163840,2048,0,0,0,call_module,layer3.2.bn3,BatchNorm2d,"[10, 1024, 4, 4]","[10, 1024, 4, 4]","{'weight': torch.Size([1024]), 'bias': torch.Size([1024])}",{},[4],BKWD,2,3351552,1,5848064,20480,5914624.0
70,107,layer3_2_conv3_bkwd_0,"('layer3_2_bn3_bkwd_0',)",163840,163840,262144,0,0,0,call_module,layer3.2.conv3,Conv2d,"[10, 1024, 4, 4]","[10, 1024, 4, 4]","{'weight': torch.Size([1024, 256, 1, 1])}",{},[4],BKWD,2,3351552,1,5848064,20480,83886080.0
71,106,layer3_2_relu_1_bkwd_0,"('layer3_2_conv3_bkwd_0',)",40960,40960,0,0,0,0,call_module,layer3.2.relu,ReLU,"[10, 256, 4, 4]","[10, 256, 4, 4]",{},{},[4],BKWD,2,3351552,1,5848064,20480,163840.0
72,105,layer3_2_bn2_bkwd_0,"('layer3_2_relu_1_bkwd_0',)",40960,40960,512,0,0,0,call_module,layer3.2.bn2,BatchNorm2d,"[10, 256, 4, 4]","[10, 256, 4, 4]","{'weight': torch.Size([256]), 'bias': torch.Size([256])}",{},[4],BKWD,2,3351552,1,5848064,20480,1478656.0
73,104,layer3_2_conv2_bkwd_0,"('layer3_2_bn2_bkwd_0',)",40960,40960,589824,0,0,0,call_module,layer3.2.conv2,Conv2d,"[10, 256, 4, 4]","[10, 256, 4, 4]","{'weight': torch.Size([256, 256, 3, 3])}",{},[4],BKWD,2,3351552,1,5848064,20480,188743680.0
74,103,layer3_2_relu_bkwd_0,"('layer3_2_conv2_bkwd_0',)",40960,40960,0,0,0,0,call_module,layer3.2.relu,ReLU,"[10, 256, 4, 4]","[10, 256, 4, 4]",{},{},[4],BKWD,2,3351552,1,5848064,20480,163840.0
75,102,layer3_2_bn1_bkwd_0,"('layer3_2_relu_bkwd_0',)",40960,40960,512,0,0,0,call_module,layer3.2.bn1,BatchNorm2d,"[10, 256, 4, 4]","[10, 256, 4, 4]","{'weight': torch.Size([256]), 'bias': torch.Size([256])}",{},[4],BKWD,2,3351552,1,5848064,20480,1478656.0
76,101,layer3_2_conv1_bkwd_0,"('layer3_2_bn1_bkwd_0',)",40960,40960,262144,0,0,0,call_module,layer3.2.conv1,Conv2d,"[10, 256, 4, 4]","[10, 256, 4, 4]","{'weight': torch.Size([256, 1024, 1, 1])}",{},[4],BKWD,2,3351552,1,5848064,20480,83886080.0
77,100,layer3_1_relu_2_bkwd_0,"('layer3_2_conv1_bkwd_0', 'add_9_bkwd_0')",163840,163840,0,0,0,0,call_module,layer3.1.relu,ReLU,"[10, 1024, 4, 4]","[10, 1024, 4, 4]",{},{},[4],BKWD,2,3351552,1,5848064,20480,655360.0
78,99,add_8_bkwd_0,"('layer3_1_relu_2_bkwd_0',)",163840,163840,0,0,0,0,call_function,<built-in function add>,,"[10, 1024, 4, 4]","[10, 1024, 4, 4]",0,{},[4],BKWD,2,3351552,1,5848064,20480,163840.0
79,98,layer3_1_bn3_bkwd_0,"('add_8_bkwd_0',)",163840,163840,2048,0,0,0,call_module,layer3.1.bn3,BatchNorm2d,"[10, 1024, 4, 4]","[10, 1024, 4, 4]","{'weight': torch.Size([1024]), 'bias': torch.Size([1024])}",{},[4],BKWD,2,3351552,1,5848064,20480,5914624.0
80,97,layer3_1_conv3_bkwd_0,"('layer3_1_bn3_bkwd_0',)",163840,163840,262144,0,0,0,call_module,layer3.1.conv3,Conv2d,"[10, 1024, 4, 4]","[10, 1024, 4, 4]","{'weight': torch.Size([1024, 256, 1, 1])}",{},[4],BKWD,2,3351552,1,5848064,20480,83886080.0
81,96,layer3_1_relu_1_bkwd_0,"('layer3_1_conv3_bkwd_0',)",40960,40960,0,0,0,0,call_module,layer3.1.relu,ReLU,"[10, 256, 4, 4]","[10, 256, 4, 4]",{},{},[4],BKWD,2,3351552,1,5848064,20480,163840.0
82,95,layer3_1_bn2_bkwd_0,"('layer3_1_relu_1_bkwd_0',)",40960,40960,512,0,0,0,call_module,layer3.1.bn2,BatchNorm2d,"[10, 256, 4, 4]","[10, 256, 4, 4]","{'weight': torch.Size([256]), 'bias': torch.Size([256])}",{},[4],BKWD,2,3351552,1,5848064,20480,1478656.0
83,94,layer3_1_conv2_bkwd_0,"('layer3_1_bn2_bkwd_0',)",40960,40960,589824,0,0,0,call_module,layer3.1.conv2,Conv2d,"[10, 256, 4, 4]","[10, 256, 4, 4]","{'weight': torch.Size([256, 256, 3, 3])}",{},[4],BKWD,2,3351552,1,5848064,20480,188743680.0
84,93,layer3_1_relu_bkwd_0,"('layer3_1_conv2_bkwd_0',)",40960,40960,0,0,0,0,call_module,layer3.1.relu,ReLU,"[10, 256, 4, 4]","[10, 256, 4, 4]",{},{},[4],BKWD,1,3211200,1,5848064,20480,163840.0
85,92,layer3_1_bn1_bkwd_0,"('layer3_1_relu_bkwd_0',)",40960,40960,512,0,0,0,call_module,layer3.1.bn1,BatchNorm2d,"[10, 256, 4, 4]","[10, 256, 4, 4]","{'weight': torch.Size([256]), 'bias': torch.Size([256])}",{},[4],BKWD,1,3211200,1,5848064,20480,1478656.0
86,91,layer3_1_conv1_bkwd_0,"('layer3_1_bn1_bkwd_0',)",40960,40960,262144,0,0,0,call_module,layer3.1.conv1,Conv2d,"[10, 256, 4, 4]","[10, 256, 4, 4]","{'weight': torch.Size([256, 1024, 1, 1])}",{},[4],BKWD,1,3211200,0,3210688,40960,83886080.0
87,90,layer3_0_relu_2_bkwd_0,"('layer3_1_conv1_bkwd_0', 'add_8_bkwd_0')",163840,163840,0,0,0,0,call_module,layer3.0.relu,ReLU,"[10, 1024, 4, 4]","[10, 1024, 4, 4]",{},{},[4],BKWD,1,3211200,0,3210688,40960,655360.0
88,89,add_7_bkwd_0,"('layer3_0_relu_2_bkwd_0',)",163840,163840,0,0,0,0,call_function,<built-in function add>,,"[10, 1024, 4, 4]","[10, 1024, 4, 4]",0,{},[4],BKWD,1,3211200,0,3210688,40960,163840.0
89,88,layer3_0_downsample_1_bkwd_0,"('add_7_bkwd_0',)",163840,163840,2048,0,0,0,call_module,layer3.0.downsample.1,BatchNorm2d,"[10, 1024, 4, 4]","[10, 1024, 4, 4]","{'weight': torch.Size([1024]), 'bias': torch.Size([1024])}",{},[4],BKWD,1,3211200,0,3210688,40960,5914624.0
90,87,layer3_0_downsample_0_bkwd_0,"('layer3_0_downsample_1_bkwd_0',)",163840,163840,524288,0,0,0,call_module,layer3.0.downsample.0,Conv2d,"[10, 1024, 4, 4]","[10, 1024, 4, 4]","{'weight': torch.Size([1024, 512, 1, 1])}",{},[4],BKWD,1,3211200,0,3210688,40960,167772160.0
91,86,layer3_0_bn3_bkwd_0,"('add_7_bkwd_0',)",163840,163840,2048,0,0,0,call_module,layer3.0.bn3,BatchNorm2d,"[10, 1024, 4, 4]","[10, 1024, 4, 4]","{'weight': torch.Size([1024]), 'bias': torch.Size([1024])}",{},[4],BKWD,1,3211200,0,3210688,40960,5914624.0
92,85,layer3_0_conv3_bkwd_0,"('layer3_0_bn3_bkwd_0',)",163840,163840,262144,0,0,0,call_module,layer3.0.conv3,Conv2d,"[10, 1024, 4, 4]","[10, 1024, 4, 4]","{'weight': torch.Size([1024, 256, 1, 1])}",{},[4],BKWD,1,3211200,0,3210688,40960,83886080.0
93,84,layer3_0_relu_1_bkwd_0,"('layer3_0_conv3_bkwd_0',)",40960,40960,0,0,0,0,call_module,layer3.0.relu,ReLU,"[10, 256, 4, 4]","[10, 256, 4, 4]",{},{},[4],BKWD,1,3211200,0,3210688,40960,163840.0
94,83,layer3_0_bn2_bkwd_0,"('layer3_0_relu_1_bkwd_0',)",40960,40960,512,0,0,0,call_module,layer3.0.bn2,BatchNorm2d,"[10, 256, 4, 4]","[10, 256, 4, 4]","{'weight': torch.Size([256]), 'bias': torch.Size([256])}",{},[4],BKWD,1,3211200,0,3210688,40960,1478656.0
95,82,layer3_0_conv2_bkwd_0,"('layer3_0_bn2_bkwd_0',)",40960,40960,589824,0,0,0,call_module,layer3.0.conv2,Conv2d,"[10, 256, 4, 4]","[10, 256, 4, 4]","{'weight': torch.Size([256, 256, 3, 3])}",{},[4],BKWD,1,3211200,0,3210688,40960,188743680.0
96,81,layer3_0_relu_bkwd_0,"('layer3_0_conv2_bkwd_0',)",40960,40960,0,0,0,0,call_module,layer3.0.relu,ReLU,"[10, 256, 4, 4]","[10, 256, 4, 4]",{},{},[4],BKWD,1,3211200,0,3210688,40960,163840.0
97,80,layer3_0_bn1_bkwd_0,"('layer3_0_relu_bkwd_0',)",40960,40960,512,0,0,0,call_module,layer3.0.bn1,BatchNorm2d,"[10, 256, 4, 4]","[10, 256, 4, 4]","{'weight': torch.Size([256]), 'bias': torch.Size([256])}",{},[4],BKWD,1,3211200,0,3210688,40960,1478656.0
98,79,layer3_0_conv1_bkwd_0,"('layer3_0_bn1_bkwd_0',)",40960,40960,131072,0,0,0,call_module,layer3.0.conv1,Conv2d,"[10, 256, 4, 4]","[10, 256, 4, 4]","{'weight': torch.Size([256, 512, 1, 1])}",{},[4],BKWD,1,3211200,0,3210688,40960,41943040.0
99,78,layer2_3_relu_2_bkwd_0,"('layer3_0_conv1_bkwd_0', 'layer3_0_downsample_0_bkwd_0')",327680,327680,0,0,0,0,call_module,layer2.3.relu,ReLU,"[10, 512, 8, 8]","[10, 512, 8, 8]",{},{},[4],BKWD,1,3211200,0,3210688,40960,1310720.0
100,77,add_6_bkwd_0,"('layer2_3_relu_2_bkwd_0',)",327680,327680,0,0,0,0,call_function,<built-in function add>,,"[10, 512, 8, 8]","[10, 512, 8, 8]",0,{},[4],BKWD,1,3211200,0,3210688,40960,327680.0
101,76,layer2_3_bn3_bkwd_0,"('add_6_bkwd_0',)",327680,327680,1024,0,0,0,call_module,layer2.3.bn3,BatchNorm2d,"[10, 512, 8, 8]","[10, 512, 8, 8]","{'weight': torch.Size([512]), 'bias': torch.Size([512])}",{},[4],BKWD,1,3211200,0,3210688,40960,11804672.0
102,75,layer2_3_conv3_bkwd_0,"('layer2_3_bn3_bkwd_0',)",327680,327680,65536,0,0,0,call_module,layer2.3.conv3,Conv2d,"[10, 512, 8, 8]","[10, 512, 8, 8]","{'weight': torch.Size([512, 128, 1, 1])}",{},[4],BKWD,1,3211200,0,3210688,40960,83886080.0
103,74,layer2_3_relu_1_bkwd_0,"('layer2_3_conv3_bkwd_0',)",81920,81920,0,0,0,0,call_module,layer2.3.relu,ReLU,"[10, 128, 8, 8]","[10, 128, 8, 8]",{},{},[4],BKWD,1,3211200,0,3210688,40960,327680.0
104,73,layer2_3_bn2_bkwd_0,"('layer2_3_relu_1_bkwd_0',)",81920,81920,256,0,0,0,call_module,layer2.3.bn2,BatchNorm2d,"[10, 128, 8, 8]","[10, 128, 8, 8]","{'weight': torch.Size([128]), 'bias': torch.Size([128])}",{},[4],BKWD,1,3211200,0,3210688,40960,2951168.0
105,72,layer2_3_conv2_bkwd_0,"('layer2_3_bn2_bkwd_0',)",81920,81920,147456,0,0,0,call_module,layer2.3.conv2,Conv2d,"[10, 128, 8, 8]","[10, 128, 8, 8]","{'weight': torch.Size([128, 128, 3, 3])}",{},[4],BKWD,1,3211200,0,3210688,40960,188743680.0
106,71,layer2_3_relu_bkwd_0,"('layer2_3_conv2_bkwd_0',)",81920,81920,0,0,0,0,call_module,layer2.3.relu,ReLU,"[10, 128, 8, 8]","[10, 128, 8, 8]",{},{},[4],BKWD,1,3211200,0,3210688,40960,327680.0
107,70,layer2_3_bn1_bkwd_0,"('layer2_3_relu_bkwd_0',)",81920,81920,256,0,0,0,call_module,layer2.3.bn1,BatchNorm2d,"[10, 128, 8, 8]","[10, 128, 8, 8]","{'weight': torch.Size([128]), 'bias': torch.Size([128])}",{},[4],BKWD,1,3211200,0,3210688,40960,2951168.0
108,69,layer2_3_conv1_bkwd_0,"('layer2_3_bn1_bkwd_0',)",81920,81920,65536,0,0,0,call_module,layer2.3.conv1,Conv2d,"[10, 128, 8, 8]","[10, 128, 8, 8]","{'weight': torch.Size([128, 512, 1, 1])}",{},[4],BKWD,1,3211200,0,3210688,40960,83886080.0
109,68,layer2_2_relu_2_bkwd_0,"('layer2_3_conv1_bkwd_0', 'add_6_bkwd_0')",327680,327680,0,0,0,0,call_module,layer2.2.relu,ReLU,"[10, 512, 8, 8]","[10, 512, 8, 8]",{},{},[4],BKWD,1,3211200,0,3210688,40960,1310720.0
110,67,add_5_bkwd_0,"('layer2_2_relu_2_bkwd_0',)",327680,327680,0,0,0,0,call_function,<built-in function add>,,"[10, 512, 8, 8]","[10, 512, 8, 8]",0,{},[4],BKWD,1,3211200,0,3210688,40960,327680.0
111,66,layer2_2_bn3_bkwd_0,"('add_5_bkwd_0',)",327680,327680,1024,0,0,0,call_module,layer2.2.bn3,BatchNorm2d,"[10, 512, 8, 8]","[10, 512, 8, 8]","{'weight': torch.Size([512]), 'bias': torch.Size([512])}",{},[4],BKWD,1,3211200,0,3210688,40960,11804672.0
112,65,layer2_2_conv3_bkwd_0,"('layer2_2_bn3_bkwd_0',)",327680,327680,65536,0,0,0,call_module,layer2.2.conv3,Conv2d,"[10, 512, 8, 8]","[10, 512, 8, 8]","{'weight': torch.Size([512, 128, 1, 1])}",{},[4],BKWD,1,3211200,0,3210688,40960,83886080.0
113,64,layer2_2_relu_1_bkwd_0,"('layer2_2_conv3_bkwd_0',)",81920,81920,0,0,0,0,call_module,layer2.2.relu,ReLU,"[10, 128, 8, 8]","[10, 128, 8, 8]",{},{},[4],BKWD,1,3211200,0,3210688,40960,327680.0
114,63,layer2_2_bn2_bkwd_0,"('layer2_2_relu_1_bkwd_0',)",81920,81920,256,0,0,0,call_module,layer2.2.bn2,BatchNorm2d,"[10, 128, 8, 8]","[10, 128, 8, 8]","{'weight': torch.Size([128]), 'bias': torch.Size([128])}",{},[4],BKWD,1,3211200,0,3210688,40960,2951168.0
115,62,layer2_2_conv2_bkwd_0,"('layer2_2_bn2_bkwd_0',)",81920,81920,147456,0,0,0,call_module,layer2.2.conv2,Conv2d,"[10, 128, 8, 8]","[10, 128, 8, 8]","{'weight': torch.Size([128, 128, 3, 3])}",{},[4],BKWD,1,3211200,0,3210688,40960,188743680.0
116,61,layer2_2_relu_bkwd_0,"('layer2_2_conv2_bkwd_0',)",81920,81920,0,0,0,0,call_module,layer2.2.relu,ReLU,"[10, 128, 8, 8]","[10, 128, 8, 8]",{},{},[4],BKWD,1,3211200,0,3210688,40960,327680.0
117,60,layer2_2_bn1_bkwd_0,"('layer2_2_relu_bkwd_0',)",81920,81920,256,0,0,0,call_module,layer2.2.bn1,BatchNorm2d,"[10, 128, 8, 8]","[10, 128, 8, 8]","{'weight': torch.Size([128]), 'bias': torch.Size([128])}",{},[4],BKWD,1,3211200,0,3210688,40960,2951168.0
118,59,layer2_2_conv1_bkwd_0,"('layer2_2_bn1_bkwd_0',)",81920,81920,65536,0,0,0,call_module,layer2.2.conv1,Conv2d,"[10, 128, 8, 8]","[10, 128, 8, 8]","{'weight': torch.Size([128, 512, 1, 1])}",{},[4],BKWD,1,3211200,0,3210688,40960,83886080.0
119,58,layer2_1_relu_2_bkwd_0,"('layer2_2_conv1_bkwd_0', 'add_5_bkwd_0')",327680,327680,0,0,0,0,call_module,layer2.1.relu,ReLU,"[10, 512, 8, 8]","[10, 512, 8, 8]",{},{},[4],BKWD,1,3211200,0,3210688,40960,1310720.0
120,57,add_4_bkwd_0,"('layer2_1_relu_2_bkwd_0',)",327680,327680,0,0,0,0,call_function,<built-in function add>,,"[10, 512, 8, 8]","[10, 512, 8, 8]",0,{},[4],BKWD,1,3211200,0,3210688,40960,327680.0
121,56,layer2_1_bn3_bkwd_0,"('add_4_bkwd_0',)",327680,327680,1024,0,0,0,call_module,layer2.1.bn3,BatchNorm2d,"[10, 512, 8, 8]","[10, 512, 8, 8]","{'weight': torch.Size([512]), 'bias': torch.Size([512])}",{},[4],BKWD,1,3211200,0,3210688,40960,11804672.0
122,55,layer2_1_conv3_bkwd_0,"('layer2_1_bn3_bkwd_0',)",327680,327680,65536,0,0,0,call_module,layer2.1.conv3,Conv2d,"[10, 512, 8, 8]","[10, 512, 8, 8]","{'weight': torch.Size([512, 128, 1, 1])}",{},[4],BKWD,1,3211200,0,3210688,40960,83886080.0
123,54,layer2_1_relu_1_bkwd_0,"('layer2_1_conv3_bkwd_0',)",81920,81920,0,0,0,0,call_module,layer2.1.relu,ReLU,"[10, 128, 8, 8]","[10, 128, 8, 8]",{},{},[4],BKWD,1,3211200,0,3210688,40960,327680.0
124,53,layer2_1_bn2_bkwd_0,"('layer2_1_relu_1_bkwd_0',)",81920,81920,256,0,0,0,call_module,layer2.1.bn2,BatchNorm2d,"[10, 128, 8, 8]","[10, 128, 8, 8]","{'weight': torch.Size([128]), 'bias': torch.Size([128])}",{},[4],BKWD,1,3211200,0,3210688,40960,2951168.0
125,52,layer2_1_conv2_bkwd_0,"('layer2_1_bn2_bkwd_0',)",81920,81920,147456,0,0,0,call_module,layer2.1.conv2,Conv2d,"[10, 128, 8, 8]","[10, 128, 8, 8]","{'weight': torch.Size([128, 128, 3, 3])}",{},[4],BKWD,1,3211200,0,3210688,40960,188743680.0
126,51,layer2_1_relu_bkwd_0,"('layer2_1_conv2_bkwd_0',)",81920,81920,0,0,0,0,call_module,layer2.1.relu,ReLU,"[10, 128, 8, 8]","[10, 128, 8, 8]",{},{},[4],BKWD,1,3211200,0,3210688,40960,327680.0
127,50,layer2_1_bn1_bkwd_0,"('layer2_1_relu_bkwd_0',)",81920,81920,256,0,0,0,call_module,layer2.1.bn1,BatchNorm2d,"[10, 128, 8, 8]","[10, 128, 8, 8]","{'weight': torch.Size([128]), 'bias': torch.Size([128])}",{},[4],BKWD,1,3211200,0,3210688,40960,2951168.0
128,49,layer2_1_conv1_bkwd_0,"('layer2_1_bn1_bkwd_0',)",81920,81920,65536,0,0,0,call_module,layer2.1.conv1,Conv2d,"[10, 128, 8, 8]","[10, 128, 8, 8]","{'weight': torch.Size([128, 512, 1, 1])}",{},[4],BKWD,1,3211200,0,3210688,40960,83886080.0
129,48,layer2_0_relu_2_bkwd_0,"('layer2_1_conv1_bkwd_0', 'add_4_bkwd_0')",327680,327680,0,0,0,0,call_module,layer2.0.relu,ReLU,"[10, 512, 8, 8]","[10, 512, 8, 8]",{},{},[4],BKWD,1,3211200,0,3210688,40960,1310720.0
130,47,add_3_bkwd_0,"('layer2_0_relu_2_bkwd_0',)",327680,327680,0,0,0,0,call_function,<built-in function add>,,"[10, 512, 8, 8]","[10, 512, 8, 8]",0,{},[4],BKWD,1,3211200,0,3210688,40960,327680.0
131,46,layer2_0_downsample_1_bkwd_0,"('add_3_bkwd_0',)",327680,327680,1024,0,0,0,call_module,layer2.0.downsample.1,BatchNorm2d,"[10, 512, 8, 8]","[10, 512, 8, 8]","{'weight': torch.Size([512]), 'bias': torch.Size([512])}",{},[4],BKWD,1,3211200,0,3210688,40960,11804672.0
132,45,layer2_0_downsample_0_bkwd_0,"('layer2_0_downsample_1_bkwd_0',)",327680,327680,131072,0,0,0,call_module,layer2.0.downsample.0,Conv2d,"[10, 512, 8, 8]","[10, 512, 8, 8]","{'weight': torch.Size([512, 256, 1, 1])}",{},[4],BKWD,1,3211200,0,3210688,40960,167772160.0
133,44,layer2_0_bn3_bkwd_0,"('add_3_bkwd_0',)",327680,327680,1024,0,0,0,call_module,layer2.0.bn3,BatchNorm2d,"[10, 512, 8, 8]","[10, 512, 8, 8]","{'weight': torch.Size([512]), 'bias': torch.Size([512])}",{},[4],BKWD,1,3211200,0,3210688,40960,11804672.0
134,43,layer2_0_conv3_bkwd_0,"('layer2_0_bn3_bkwd_0',)",327680,327680,65536,0,0,0,call_module,layer2.0.conv3,Conv2d,"[10, 512, 8, 8]","[10, 512, 8, 8]","{'weight': torch.Size([512, 128, 1, 1])}",{},[4],BKWD,1,3211200,0,3210688,40960,83886080.0
135,42,layer2_0_relu_1_bkwd_0,"('layer2_0_conv3_bkwd_0',)",81920,81920,0,0,0,0,call_module,layer2.0.relu,ReLU,"[10, 128, 8, 8]","[10, 128, 8, 8]",{},{},[4],BKWD,1,3211200,0,3210688,40960,327680.0
136,41,layer2_0_bn2_bkwd_0,"('layer2_0_relu_1_bkwd_0',)",81920,81920,256,0,0,0,call_module,layer2.0.bn2,BatchNorm2d,"[10, 128, 8, 8]","[10, 128, 8, 8]","{'weight': torch.Size([128]), 'bias': torch.Size([128])}",{},[4],BKWD,1,3211200,0,3210688,40960,2951168.0
137,40,layer2_0_conv2_bkwd_0,"('layer2_0_bn2_bkwd_0',)",81920,81920,147456,0,0,0,call_module,layer2.0.conv2,Conv2d,"[10, 128, 8, 8]","[10, 128, 8, 8]","{'weight': torch.Size([128, 128, 3, 3])}",{},[4],BKWD,1,3211200,0,3210688,40960,188743680.0
138,39,layer2_0_relu_bkwd_0,"('layer2_0_conv2_bkwd_0',)",81920,81920,0,0,0,0,call_module,layer2.0.relu,ReLU,"[10, 128, 8, 8]","[10, 128, 8, 8]",{},{},[4],BKWD,1,3211200,0,3210688,40960,327680.0
139,38,layer2_0_bn1_bkwd_0,"('layer2_0_relu_bkwd_0',)",81920,81920,256,0,0,0,call_module,layer2.0.bn1,BatchNorm2d,"[10, 128, 8, 8]","[10, 128, 8, 8]","{'weight': torch.Size([128]), 'bias': torch.Size([128])}",{},[4],BKWD,1,3211200,0,3210688,40960,2951168.0
140,37,layer2_0_conv1_bkwd_0,"('layer2_0_bn1_bkwd_0',)",81920,81920,32768,0,0,0,call_module,layer2.0.conv1,Conv2d,"[10, 128, 8, 8]","[10, 128, 8, 8]","{'weight': torch.Size([128, 256, 1, 1])}",{},[4],BKWD,1,3211200,0,3210688,40960,41943040.0
141,36,layer1_2_relu_2_bkwd_0,"('layer2_0_conv1_bkwd_0', 'layer2_0_downsample_0_bkwd_0')",576000,576000,0,0,0,0,call_module,layer1.2.relu,ReLU,"[10, 256, 15, 15]","[10, 256, 15, 15]",{},{},[4],BKWD,1,3211200,0,3210688,40960,2304000.0
142,35,add_2_bkwd_0,"('layer1_2_relu_2_bkwd_0',)",576000,576000,0,0,0,0,call_function,<built-in function add>,,"[10, 256, 15, 15]","[10, 256, 15, 15]",0,{},[4],BKWD,1,3211200,0,3210688,40960,576000.0
143,34,layer1_2_bn3_bkwd_0,"('add_2_bkwd_0',)",576000,576000,512,0,0,0,call_module,layer1.2.bn3,BatchNorm2d,"[10, 256, 15, 15]","[10, 256, 15, 15]","{'weight': torch.Size([256]), 'bias': torch.Size([256])}",{},[4],BKWD,1,3211200,0,3210688,40960,20740096.0
144,33,layer1_2_conv3_bkwd_0,"('layer1_2_bn3_bkwd_0',)",576000,576000,16384,0,0,0,call_module,layer1.2.conv3,Conv2d,"[10, 256, 15, 15]","[10, 256, 15, 15]","{'weight': torch.Size([256, 64, 1, 1])}",{},[4],BKWD,1,3211200,0,3210688,40960,73728000.0
145,32,layer1_2_relu_1_bkwd_0,"('layer1_2_conv3_bkwd_0',)",144000,144000,0,0,0,0,call_module,layer1.2.relu,ReLU,"[10, 64, 15, 15]","[10, 64, 15, 15]",{},{},[4],BKWD,1,3211200,0,3210688,40960,576000.0
146,31,layer1_2_bn2_bkwd_0,"('layer1_2_relu_1_bkwd_0',)",144000,144000,128,0,0,0,call_module,layer1.2.bn2,BatchNorm2d,"[10, 64, 15, 15]","[10, 64, 15, 15]","{'weight': torch.Size([64]), 'bias': torch.Size([64])}",{},[4],BKWD,1,3211200,0,3210688,40960,5185024.0
147,30,layer1_2_conv2_bkwd_0,"('layer1_2_bn2_bkwd_0',)",144000,144000,36864,0,0,0,call_module,layer1.2.conv2,Conv2d,"[10, 64, 15, 15]","[10, 64, 15, 15]","{'weight': torch.Size([64, 64, 3, 3])}",{},[4],BKWD,1,3211200,0,3210688,40960,165888000.0
148,29,layer1_2_relu_bkwd_0,"('layer1_2_conv2_bkwd_0',)",144000,144000,0,0,0,0,call_module,layer1.2.relu,ReLU,"[10, 64, 15, 15]","[10, 64, 15, 15]",{},{},[4],BKWD,1,3211200,0,3210688,40960,576000.0
149,28,layer1_2_bn1_bkwd_0,"('layer1_2_relu_bkwd_0',)",144000,144000,128,0,0,0,call_module,layer1.2.bn1,BatchNorm2d,"[10, 64, 15, 15]","[10, 64, 15, 15]","{'weight': torch.Size([64]), 'bias': torch.Size([64])}",{},[4],BKWD,1,3211200,0,3210688,40960,5185024.0
150,27,layer1_2_conv1_bkwd_0,"('layer1_2_bn1_bkwd_0',)",144000,144000,16384,0,0,0,call_module,layer1.2.conv1,Conv2d,"[10, 64, 15, 15]","[10, 64, 15, 15]","{'weight': torch.Size([64, 256, 1, 1])}",{},[4],BKWD,1,3211200,0,3210688,40960,73728000.0
151,26,layer1_1_relu_2_bkwd_0,"('layer1_2_conv1_bkwd_0', 'add_2_bkwd_0')",576000,576000,0,0,0,0,call_module,layer1.1.relu,ReLU,"[10, 256, 15, 15]","[10, 256, 15, 15]",{},{},[4],BKWD,1,3211200,0,3210688,40960,2304000.0
152,25,add_1_bkwd_0,"('layer1_1_relu_2_bkwd_0',)",576000,576000,0,0,0,0,call_function,<built-in function add>,,"[10, 256, 15, 15]","[10, 256, 15, 15]",0,{},[4],BKWD,1,3211200,0,3210688,40960,576000.0
153,24,layer1_1_bn3_bkwd_0,"('add_1_bkwd_0',)",576000,576000,512,0,0,0,call_module,layer1.1.bn3,BatchNorm2d,"[10, 256, 15, 15]","[10, 256, 15, 15]","{'weight': torch.Size([256]), 'bias': torch.Size([256])}",{},[4],BKWD,1,3211200,0,3210688,40960,20740096.0
154,23,layer1_1_conv3_bkwd_0,"('layer1_1_bn3_bkwd_0',)",576000,576000,16384,0,0,0,call_module,layer1.1.conv3,Conv2d,"[10, 256, 15, 15]","[10, 256, 15, 15]","{'weight': torch.Size([256, 64, 1, 1])}",{},[4],BKWD,1,3211200,0,3210688,40960,73728000.0
155,22,layer1_1_relu_1_bkwd_0,"('layer1_1_conv3_bkwd_0',)",144000,144000,0,0,0,0,call_module,layer1.1.relu,ReLU,"[10, 64, 15, 15]","[10, 64, 15, 15]",{},{},[4],BKWD,1,3211200,0,3210688,40960,576000.0
156,21,layer1_1_bn2_bkwd_0,"('layer1_1_relu_1_bkwd_0',)",144000,144000,128,0,0,0,call_module,layer1.1.bn2,BatchNorm2d,"[10, 64, 15, 15]","[10, 64, 15, 15]","{'weight': torch.Size([64]), 'bias': torch.Size([64])}",{},[4],BKWD,1,3211200,0,3210688,40960,5185024.0
157,20,layer1_1_conv2_bkwd_0,"('layer1_1_bn2_bkwd_0',)",144000,144000,36864,0,0,0,call_module,layer1.1.conv2,Conv2d,"[10, 64, 15, 15]","[10, 64, 15, 15]","{'weight': torch.Size([64, 64, 3, 3])}",{},[4],BKWD,1,3211200,0,3210688,40960,165888000.0
158,19,layer1_1_relu_bkwd_0,"('layer1_1_conv2_bkwd_0',)",144000,144000,0,0,0,0,call_module,layer1.1.relu,ReLU,"[10, 64, 15, 15]","[10, 64, 15, 15]",{},{},[4],BKWD,1,3211200,0,3210688,40960,576000.0
159,18,layer1_1_bn1_bkwd_0,"('layer1_1_relu_bkwd_0',)",144000,144000,128,0,0,0,call_module,layer1.1.bn1,BatchNorm2d,"[10, 64, 15, 15]","[10, 64, 15, 15]","{'weight': torch.Size([64]), 'bias': torch.Size([64])}",{},[4],BKWD,1,3211200,0,3210688,40960,5185024.0
160,17,layer1_1_conv1_bkwd_0,"('layer1_1_bn1_bkwd_0',)",144000,144000,16384,0,0,0,call_module,layer1.1.conv1,Conv2d,"[10, 64, 15, 15]","[10, 64, 15, 15]","{'weight': torch.Size([64, 256, 1, 1])}",{},[4],BKWD,1,3211200,0,3210688,40960,73728000.0
161,16,layer1_0_relu_2_bkwd_0,"('layer1_1_conv1_bkwd_0', 'add_1_bkwd_0')",576000,576000,0,0,0,0,call_module,layer1.0.relu,ReLU,"[10, 256, 15, 15]","[10, 256, 15, 15]",{},{},[4],BKWD,1,3211200,0,3210688,40960,2304000.0
162,15,add_bkwd_0,"('layer1_0_relu_2_bkwd_0',)",576000,576000,0,0,0,0,call_function,<built-in function add>,,"[10, 256, 15, 15]","[10, 256, 15, 15]",0,{},[4],BKWD,1,3211200,0,3210688,40960,576000.0
163,14,layer1_0_downsample_1_bkwd_0,"('add_bkwd_0',)",576000,576000,512,0,0,0,call_module,layer1.0.downsample.1,BatchNorm2d,"[10, 256, 15, 15]","[10, 256, 15, 15]","{'weight': torch.Size([256]), 'bias': torch.Size([256])}",{},[4],BKWD,1,3211200,0,3210688,40960,20740096.0
164,13,layer1_0_downsample_0_bkwd_0,"('layer1_0_downsample_1_bkwd_0',)",576000,576000,16384,0,0,0,call_module,layer1.0.downsample.0,Conv2d,"[10, 256, 15, 15]","[10, 256, 15, 15]","{'weight': torch.Size([256, 64, 1, 1])}",{},[4],BKWD,1,3211200,0,3210688,40960,73728000.0
165,12,layer1_0_bn3_bkwd_0,"('add_bkwd_0',)",576000,576000,512,0,0,0,call_module,layer1.0.bn3,BatchNorm2d,"[10, 256, 15, 15]","[10, 256, 15, 15]","{'weight': torch.Size([256]), 'bias': torch.Size([256])}",{},[4],BKWD,1,3211200,0,3210688,40960,20740096.0
166,11,layer1_0_conv3_bkwd_0,"('layer1_0_bn3_bkwd_0',)",576000,576000,16384,0,0,0,call_module,layer1.0.conv3,Conv2d,"[10, 256, 15, 15]","[10, 256, 15, 15]","{'weight': torch.Size([256, 64, 1, 1])}",{},[4],BKWD,1,3211200,0,3210688,40960,73728000.0
167,10,layer1_0_relu_1_bkwd_0,"('layer1_0_conv3_bkwd_0',)",144000,144000,0,0,0,0,call_module,layer1.0.relu,ReLU,"[10, 64, 15, 15]","[10, 64, 15, 15]",{},{},[4],BKWD,1,3211200,0,3210688,40960,576000.0
168,9,layer1_0_bn2_bkwd_0,"('layer1_0_relu_1_bkwd_0',)",144000,144000,128,0,0,0,call_module,layer1.0.bn2,BatchNorm2d,"[10, 64, 15, 15]","[10, 64, 15, 15]","{'weight': torch.Size([64]), 'bias': torch.Size([64])}",{},[4],BKWD,1,3211200,0,3210688,40960,5185024.0
169,8,layer1_0_conv2_bkwd_0,"('layer1_0_bn2_bkwd_0',)",144000,144000,36864,0,0,0,call_module,layer1.0.conv2,Conv2d,"[10, 64, 15, 15]","[10, 64, 15, 15]","{'weight': torch.Size([64, 64, 3, 3])}",{},[4],BKWD,1,3211200,0,3210688,40960,165888000.0
170,7,layer1_0_relu_bkwd_0,"('layer1_0_conv2_bkwd_0',)",144000,144000,0,0,0,0,call_module,layer1.0.relu,ReLU,"[10, 64, 15, 15]","[10, 64, 15, 15]",{},{},[4],BKWD,1,3211200,0,3210688,40960,576000.0
171,6,layer1_0_bn1_bkwd_0,"('layer1_0_relu_bkwd_0',)",144000,144000,128,0,0,0,call_module,layer1.0.bn1,BatchNorm2d,"[10, 64, 15, 15]","[10, 64, 15, 15]","{'weight': torch.Size([64]), 'bias': torch.Size([64])}",{},[4],BKWD,1,3211200,0,3210688,40960,5185024.0
172,5,layer1_0_conv1_bkwd_0,"('layer1_0_bn1_bkwd_0',)",144000,144000,4096,0,0,0,call_module,layer1.0.conv1,Conv2d,"[10, 64, 15, 15]","[10, 64, 15, 15]","{'weight': torch.Size([64, 64, 1, 1])}",{},[4],BKWD,1,3211200,0,3210688,40960,18432000.0
173,4,maxpool_bkwd_0,"('layer1_0_conv1_bkwd_0', 'layer1_0_downsample_0_bkwd_0')",144000,144000,0,0,0,0,call_module,maxpool,MaxPool2d,"[10, 64, 15, 15]","[10, 64, 15, 15]",{},{},[4],BKWD,1,3211200,0,3210688,40960,1152000.0
174,3,relu_bkwd_0,"('maxpool_bkwd_0',)",576000,576000,0,0,0,0,call_module,relu,ReLU,"[10, 64, 30, 30]","[10, 64, 30, 30]",{},{},[4],BKWD,1,3211200,0,3210688,40960,2304000.0
175,2,bn1_bkwd_0,"('relu_bkwd_0',)",576000,576000,128,0,0,0,call_module,bn1,BatchNorm2d,"[10, 64, 30, 30]","[10, 64, 30, 30]","{'weight': torch.Size([64]), 'bias': torch.Size([64])}",{},[4],BKWD,1,3211200,0,3210688,40960,20737024.0
176,1,conv1_bkwd_0,"('bn1_bkwd_0',)",576000,576000,576,0,0,0,call_module,conv1,Conv2d,"[10, 64, 30, 30]","[10, 64, 30, 30]","{'weight': torch.Size([64, 1, 3, 3])}",{},[4],BKWD,1,3211200,0,3210688,40960,10368000.0
177,0,x_bkwd_0,"('conv1_bkwd_0',)",0,0,0,0,0,0,placeholder,x,,,,,{},,BKWD,1,3211200,0,3210688,40960,0.0
178,0,x_fwd_1,"('x_bkwd_0',)",0,0,0,0,0,0,placeholder,x,,,,,{},,FWD,1,3211200,0,3210688,40960,0.0
179,1,conv1_fwd_1,"('x_fwd_1',)",7840,576000,576,0,0,0,call_module,conv1,Conv2d,"[10, 1, 28, 28]","[10, 64, 30, 30]","{'weight': torch.Size([64, 1, 3, 3])}",{},[4],FWD,1,3211200,0,3210688,40960,5184000.0
180,2,bn1_fwd_1,"('conv1_fwd_1',)",576000,576000,128,0,0,0,call_module,bn1,BatchNorm2d,"[10, 64, 30, 30]","[10, 64, 30, 30]","{'weight': torch.Size([64]), 'bias': torch.Size([64])}",{},[4],FWD,1,3211200,0,3210688,40960,10368512.0
181,3,relu_fwd_1,"('bn1_fwd_1',)",576000,576000,0,0,0,0,call_module,relu,ReLU,"[10, 64, 30, 30]","[10, 64, 30, 30]",{},{},[4],FWD,1,3211200,0,3210688,40960,2304000.0
182,4,maxpool_fwd_1,"('relu_fwd_1',)",576000,144000,0,0,0,0,call_module,maxpool,MaxPool2d,"[10, 64, 30, 30]","[10, 64, 15, 15]",{},{},[4],FWD,1,3211200,0,3210688,40960,576000.0
183,5,layer1_0_conv1_fwd_1,"('maxpool_fwd_1',)",144000,144000,4096,0,0,0,call_module,layer1.0.conv1,Conv2d,"[10, 64, 15, 15]","[10, 64, 15, 15]","{'weight': torch.Size([64, 64, 1, 1])}",{},[4],FWD,1,3211200,0,3210688,40960,9216000.0
184,6,layer1_0_bn1_fwd_1,"('layer1_0_conv1_fwd_1',)",144000,144000,128,0,0,0,call_module,layer1.0.bn1,BatchNorm2d,"[10, 64, 15, 15]","[10, 64, 15, 15]","{'weight': torch.Size([64]), 'bias': torch.Size([64])}",{},[4],FWD,1,3211200,0,3210688,40960,2592512.0
185,7,layer1_0_relu_fwd_1,"('layer1_0_bn1_fwd_1',)",144000,144000,0,0,0,0,call_module,layer1.0.relu,ReLU,"[10, 64, 15, 15]","[10, 64, 15, 15]",{},{},[4],FWD,1,3211200,0,3210688,40960,576000.0
186,8,layer1_0_conv2_fwd_1,"('layer1_0_relu_fwd_1',)",144000,144000,36864,0,0,0,call_module,layer1.0.conv2,Conv2d,"[10, 64, 15, 15]","[10, 64, 15, 15]","{'weight': torch.Size([64, 64, 3, 3])}",{},[4],FWD,1,3211200,0,3210688,40960,82944000.0
187,9,layer1_0_bn2_fwd_1,"('layer1_0_conv2_fwd_1',)",144000,144000,128,0,0,0,call_module,layer1.0.bn2,BatchNorm2d,"[10, 64, 15, 15]","[10, 64, 15, 15]","{'weight': torch.Size([64]), 'bias': torch.Size([64])}",{},[4],FWD,1,3211200,0,3210688,40960,2592512.0
188,10,layer1_0_relu_1_fwd_1,"('layer1_0_bn2_fwd_1',)",144000,144000,0,0,0,0,call_module,layer1.0.relu,ReLU,"[10, 64, 15, 15]","[10, 64, 15, 15]",{},{},[4],FWD,1,3211200,0,3210688,40960,576000.0
189,11,layer1_0_conv3_fwd_1,"('layer1_0_relu_1_fwd_1',)",144000,576000,16384,0,0,0,call_module,layer1.0.conv3,Conv2d,"[10, 64, 15, 15]","[10, 256, 15, 15]","{'weight': torch.Size([256, 64, 1, 1])}",{},[4],FWD,1,3211200,0,3210688,40960,36864000.0
190,12,layer1_0_bn3_fwd_1,"('layer1_0_conv3_fwd_1',)",576000,576000,512,0,0,0,call_module,layer1.0.bn3,BatchNorm2d,"[10, 256, 15, 15]","[10, 256, 15, 15]","{'weight': torch.Size([256]), 'bias': torch.Size([256])}",{},[4],FWD,1,3211200,0,3210688,40960,10370048.0
191,13,layer1_0_downsample_0_fwd_1,"('maxpool_fwd_1',)",144000,576000,16384,0,0,0,call_module,layer1.0.downsample.0,Conv2d,"[10, 64, 15, 15]","[10, 256, 15, 15]","{'weight': torch.Size([256, 64, 1, 1])}",{},[4],FWD,1,3211200,0,3210688,40960,36864000.0
192,14,layer1_0_downsample_1_fwd_1,"('layer1_0_downsample_0_fwd_1',)",576000,576000,512,0,0,0,call_module,layer1.0.downsample.1,BatchNorm2d,"[10, 256, 15, 15]","[10, 256, 15, 15]","{'weight': torch.Size([256]), 'bias': torch.Size([256])}",{},[4],FWD,1,3211200,0,3210688,40960,10370048.0
193,15,add_fwd_1,"('layer1_0_bn3_fwd_1', 'layer1_0_downsample_1_fwd_1')",576000,576000,0,0,0,0,call_function,<built-in function add>,,"[10, 256, 15, 15]","[10, 256, 15, 15]",0,{},[4],FWD,1,3211200,0,3210688,40960,576000.0
194,16,layer1_0_relu_2_fwd_1,"('add_fwd_1',)",576000,576000,0,0,0,0,call_module,layer1.0.relu,ReLU,"[10, 256, 15, 15]","[10, 256, 15, 15]",{},{},[4],FWD,1,3211200,0,3210688,40960,2304000.0
195,17,layer1_1_conv1_fwd_1,"('layer1_0_relu_2_fwd_1',)",576000,144000,16384,0,0,0,call_module,layer1.1.conv1,Conv2d,"[10, 256, 15, 15]","[10, 64, 15, 15]","{'weight': torch.Size([64, 256, 1, 1])}",{},[4],FWD,1,3211200,0,3210688,40960,36864000.0
196,18,layer1_1_bn1_fwd_1,"('layer1_1_conv1_fwd_1',)",144000,144000,128,0,0,0,call_module,layer1.1.bn1,BatchNorm2d,"[10, 64, 15, 15]","[10, 64, 15, 15]","{'weight': torch.Size([64]), 'bias': torch.Size([64])}",{},[4],FWD,1,3211200,0,3210688,40960,2592512.0
197,19,layer1_1_relu_fwd_1,"('layer1_1_bn1_fwd_1',)",144000,144000,0,0,0,0,call_module,layer1.1.relu,ReLU,"[10, 64, 15, 15]","[10, 64, 15, 15]",{},{},[4],FWD,1,3211200,0,3210688,40960,576000.0
198,20,layer1_1_conv2_fwd_1,"('layer1_1_relu_fwd_1',)",144000,144000,36864,0,0,0,call_module,layer1.1.conv2,Conv2d,"[10, 64, 15, 15]","[10, 64, 15, 15]","{'weight': torch.Size([64, 64, 3, 3])}",{},[4],FWD,1,3211200,0,3210688,40960,82944000.0
199,21,layer1_1_bn2_fwd_1,"('layer1_1_conv2_fwd_1',)",144000,144000,128,0,0,0,call_module,layer1.1.bn2,BatchNorm2d,"[10, 64, 15, 15]","[10, 64, 15, 15]","{'weight': torch.Size([64]), 'bias': torch.Size([64])}",{},[4],FWD,1,3211200,0,3210688,40960,2592512.0
200,22,layer1_1_relu_1_fwd_1,"('layer1_1_bn2_fwd_1',)",144000,144000,0,0,0,0,call_module,layer1.1.relu,ReLU,"[10, 64, 15, 15]","[10, 64, 15, 15]",{},{},[4],FWD,1,3211200,0,3210688,40960,576000.0
201,23,layer1_1_conv3_fwd_1,"('layer1_1_relu_1_fwd_1',)",144000,576000,16384,0,0,0,call_module,layer1.1.conv3,Conv2d,"[10, 64, 15, 15]","[10, 256, 15, 15]","{'weight': torch.Size([256, 64, 1, 1])}",{},[4],FWD,1,3211200,0,3210688,40960,36864000.0
202,24,layer1_1_bn3_fwd_1,"('layer1_1_conv3_fwd_1',)",576000,576000,512,0,0,0,call_module,layer1.1.bn3,BatchNorm2d,"[10, 256, 15, 15]","[10, 256, 15, 15]","{'weight': torch.Size([256]), 'bias': torch.Size([256])}",{},[4],FWD,1,3211200,0,3210688,40960,10370048.0
203,25,add_1_fwd_1,"('layer1_1_bn3_fwd_1', 'layer1_0_relu_2_fwd_1')",576000,576000,0,0,0,0,call_function,<built-in function add>,,"[10, 256, 15, 15]","[10, 256, 15, 15]",0,{},[4],FWD,1,3211200,0,3210688,40960,576000.0
204,26,layer1_1_relu_2_fwd_1,"('add_1_fwd_1',)",576000,576000,0,0,0,0,call_module,layer1.1.relu,ReLU,"[10, 256, 15, 15]","[10, 256, 15, 15]",{},{},[4],FWD,1,3211200,0,3210688,40960,2304000.0
205,27,layer1_2_conv1_fwd_1,"('layer1_1_relu_2_fwd_1',)",576000,144000,16384,0,0,0,call_module,layer1.2.conv1,Conv2d,"[10, 256, 15, 15]","[10, 64, 15, 15]","{'weight': torch.Size([64, 256, 1, 1])}",{},[4],FWD,1,3211200,0,3210688,40960,36864000.0
206,28,layer1_2_bn1_fwd_1,"('layer1_2_conv1_fwd_1',)",144000,144000,128,0,0,0,call_module,layer1.2.bn1,BatchNorm2d,"[10, 64, 15, 15]","[10, 64, 15, 15]","{'weight': torch.Size([64]), 'bias': torch.Size([64])}",{},[4],FWD,1,3211200,0,3210688,40960,2592512.0
207,29,layer1_2_relu_fwd_1,"('layer1_2_bn1_fwd_1',)",144000,144000,0,0,0,0,call_module,layer1.2.relu,ReLU,"[10, 64, 15, 15]","[10, 64, 15, 15]",{},{},[4],FWD,1,3211200,0,3210688,40960,576000.0
208,30,layer1_2_conv2_fwd_1,"('layer1_2_relu_fwd_1',)",144000,144000,36864,0,0,0,call_module,layer1.2.conv2,Conv2d,"[10, 64, 15, 15]","[10, 64, 15, 15]","{'weight': torch.Size([64, 64, 3, 3])}",{},[4],FWD,1,3211200,0,3210688,40960,82944000.0
209,31,layer1_2_bn2_fwd_1,"('layer1_2_conv2_fwd_1',)",144000,144000,128,0,0,0,call_module,layer1.2.bn2,BatchNorm2d,"[10, 64, 15, 15]","[10, 64, 15, 15]","{'weight': torch.Size([64]), 'bias': torch.Size([64])}",{},[4],FWD,1,3211200,0,3210688,40960,2592512.0
210,32,layer1_2_relu_1_fwd_1,"('layer1_2_bn2_fwd_1',)",144000,144000,0,0,0,0,call_module,layer1.2.relu,ReLU,"[10, 64, 15, 15]","[10, 64, 15, 15]",{},{},[4],FWD,1,3211200,0,3210688,40960,576000.0
211,33,layer1_2_conv3_fwd_1,"('layer1_2_relu_1_fwd_1',)",144000,576000,16384,0,0,0,call_module,layer1.2.conv3,Conv2d,"[10, 64, 15, 15]","[10, 256, 15, 15]","{'weight': torch.Size([256, 64, 1, 1])}",{},[4],FWD,1,3211200,0,3210688,40960,36864000.0
212,34,layer1_2_bn3_fwd_1,"('layer1_2_conv3_fwd_1',)",576000,576000,512,0,0,0,call_module,layer1.2.bn3,BatchNorm2d,"[10, 256, 15, 15]","[10, 256, 15, 15]","{'weight': torch.Size([256]), 'bias': torch.Size([256])}",{},[4],FWD,1,3211200,0,3210688,40960,10370048.0
213,35,add_2_fwd_1,"('layer1_2_bn3_fwd_1', 'layer1_1_relu_2_fwd_1')",576000,576000,0,0,0,0,call_function,<built-in function add>,,"[10, 256, 15, 15]","[10, 256, 15, 15]",0,{},[4],FWD,1,3211200,0,3210688,40960,576000.0
214,36,layer1_2_relu_2_fwd_1,"('add_2_fwd_1',)",576000,576000,0,0,0,0,call_module,layer1.2.relu,ReLU,"[10, 256, 15, 15]","[10, 256, 15, 15]",{},{},[4],FWD,1,3211200,0,3210688,40960,2304000.0
215,37,layer2_0_conv1_fwd_1,"('layer1_2_relu_2_fwd_1',)",576000,81920,32768,0,0,0,call_module,layer2.0.conv1,Conv2d,"[10, 256, 15, 15]","[10, 128, 8, 8]","{'weight': torch.Size([128, 256, 1, 1])}",{},[4],FWD,1,3211200,0,3210688,40960,20971520.0
216,38,layer2_0_bn1_fwd_1,"('layer2_0_conv1_fwd_1',)",81920,81920,256,0,0,0,call_module,layer2.0.bn1,BatchNorm2d,"[10, 128, 8, 8]","[10, 128, 8, 8]","{'weight': torch.Size([128]), 'bias': torch.Size([128])}",{},[4],FWD,1,3211200,0,3210688,40960,1475584.0
217,39,layer2_0_relu_fwd_1,"('layer2_0_bn1_fwd_1',)",81920,81920,0,0,0,0,call_module,layer2.0.relu,ReLU,"[10, 128, 8, 8]","[10, 128, 8, 8]",{},{},[4],FWD,1,3211200,0,3210688,40960,327680.0
218,40,layer2_0_conv2_fwd_1,"('layer2_0_relu_fwd_1',)",81920,81920,147456,0,0,0,call_module,layer2.0.conv2,Conv2d,"[10, 128, 8, 8]","[10, 128, 8, 8]","{'weight': torch.Size([128, 128, 3, 3])}",{},[4],FWD,1,3211200,0,3210688,40960,94371840.0
219,41,layer2_0_bn2_fwd_1,"('layer2_0_conv2_fwd_1',)",81920,81920,256,0,0,0,call_module,layer2.0.bn2,BatchNorm2d,"[10, 128, 8, 8]","[10, 128, 8, 8]","{'weight': torch.Size([128]), 'bias': torch.Size([128])}",{},[4],FWD,1,3211200,0,3210688,40960,1475584.0
220,42,layer2_0_relu_1_fwd_1,"('layer2_0_bn2_fwd_1',)",81920,81920,0,0,0,0,call_module,layer2.0.relu,ReLU,"[10, 128, 8, 8]","[10, 128, 8, 8]",{},{},[4],FWD,1,3211200,0,3210688,40960,327680.0
221,43,layer2_0_conv3_fwd_1,"('layer2_0_relu_1_fwd_1',)",81920,327680,65536,0,0,0,call_module,layer2.0.conv3,Conv2d,"[10, 128, 8, 8]","[10, 512, 8, 8]","{'weight': torch.Size([512, 128, 1, 1])}",{},[4],FWD,1,3211200,0,3210688,40960,41943040.0
222,44,layer2_0_bn3_fwd_1,"('layer2_0_conv3_fwd_1',)",327680,327680,1024,0,0,0,call_module,layer2.0.bn3,BatchNorm2d,"[10, 512, 8, 8]","[10, 512, 8, 8]","{'weight': torch.Size([512]), 'bias': torch.Size([512])}",{},[4],FWD,1,3211200,0,3210688,40960,5902336.0
223,45,layer2_0_downsample_0_fwd_1,"('layer1_2_relu_2_fwd_1',)",576000,327680,131072,0,0,0,call_module,layer2.0.downsample.0,Conv2d,"[10, 256, 15, 15]","[10, 512, 8, 8]","{'weight': torch.Size([512, 256, 1, 1])}",{},[4],FWD,1,3211200,0,3210688,40960,83886080.0
224,46,layer2_0_downsample_1_fwd_1,"('layer2_0_downsample_0_fwd_1',)",327680,327680,1024,0,0,0,call_module,layer2.0.downsample.1,BatchNorm2d,"[10, 512, 8, 8]","[10, 512, 8, 8]","{'weight': torch.Size([512]), 'bias': torch.Size([512])}",{},[4],FWD,1,3211200,0,3210688,40960,5902336.0
225,47,add_3_fwd_1,"('layer2_0_bn3_fwd_1', 'layer2_0_downsample_1_fwd_1')",327680,327680,0,0,0,0,call_function,<built-in function add>,,"[10, 512, 8, 8]","[10, 512, 8, 8]",0,{},[4],FWD,1,3211200,0,3210688,40960,327680.0
226,48,layer2_0_relu_2_fwd_1,"('add_3_fwd_1',)",327680,327680,0,0,0,0,call_module,layer2.0.relu,ReLU,"[10, 512, 8, 8]","[10, 512, 8, 8]",{},{},[4],FWD,1,3211200,0,3210688,40960,1310720.0
227,49,layer2_1_conv1_fwd_1,"('layer2_0_relu_2_fwd_1',)",327680,81920,65536,0,0,0,call_module,layer2.1.conv1,Conv2d,"[10, 512, 8, 8]","[10, 128, 8, 8]","{'weight': torch.Size([128, 512, 1, 1])}",{},[4],FWD,1,3211200,0,3210688,40960,41943040.0
228,50,layer2_1_bn1_fwd_1,"('layer2_1_conv1_fwd_1',)",81920,81920,256,0,0,0,call_module,layer2.1.bn1,BatchNorm2d,"[10, 128, 8, 8]","[10, 128, 8, 8]","{'weight': torch.Size([128]), 'bias': torch.Size([128])}",{},[4],FWD,1,3211200,0,3210688,40960,1475584.0
229,51,layer2_1_relu_fwd_1,"('layer2_1_bn1_fwd_1',)",81920,81920,0,0,0,0,call_module,layer2.1.relu,ReLU,"[10, 128, 8, 8]","[10, 128, 8, 8]",{},{},[4],FWD,1,3211200,0,3210688,40960,327680.0
230,52,layer2_1_conv2_fwd_1,"('layer2_1_relu_fwd_1',)",81920,81920,147456,0,0,0,call_module,layer2.1.conv2,Conv2d,"[10, 128, 8, 8]","[10, 128, 8, 8]","{'weight': torch.Size([128, 128, 3, 3])}",{},[4],FWD,1,3211200,0,3210688,40960,94371840.0
231,53,layer2_1_bn2_fwd_1,"('layer2_1_conv2_fwd_1',)",81920,81920,256,0,0,0,call_module,layer2.1.bn2,BatchNorm2d,"[10, 128, 8, 8]","[10, 128, 8, 8]","{'weight': torch.Size([128]), 'bias': torch.Size([128])}",{},[4],FWD,1,3211200,0,3210688,40960,1475584.0
232,54,layer2_1_relu_1_fwd_1,"('layer2_1_bn2_fwd_1',)",81920,81920,0,0,0,0,call_module,layer2.1.relu,ReLU,"[10, 128, 8, 8]","[10, 128, 8, 8]",{},{},[4],FWD,1,3211200,0,3210688,40960,327680.0
233,55,layer2_1_conv3_fwd_1,"('layer2_1_relu_1_fwd_1',)",81920,327680,65536,0,0,0,call_module,layer2.1.conv3,Conv2d,"[10, 128, 8, 8]","[10, 512, 8, 8]","{'weight': torch.Size([512, 128, 1, 1])}",{},[4],FWD,1,3211200,0,3210688,40960,41943040.0
234,56,layer2_1_bn3_fwd_1,"('layer2_1_conv3_fwd_1',)",327680,327680,1024,0,0,0,call_module,layer2.1.bn3,BatchNorm2d,"[10, 512, 8, 8]","[10, 512, 8, 8]","{'weight': torch.Size([512]), 'bias': torch.Size([512])}",{},[4],FWD,1,3211200,0,3210688,40960,5902336.0
235,57,add_4_fwd_1,"('layer2_1_bn3_fwd_1', 'layer2_0_relu_2_fwd_1')",327680,327680,0,0,0,0,call_function,<built-in function add>,,"[10, 512, 8, 8]","[10, 512, 8, 8]",0,{},[4],FWD,1,3211200,0,3210688,40960,327680.0
236,58,layer2_1_relu_2_fwd_1,"('add_4_fwd_1',)",327680,327680,0,0,0,0,call_module,layer2.1.relu,ReLU,"[10, 512, 8, 8]","[10, 512, 8, 8]",{},{},[4],FWD,1,3211200,0,3210688,40960,1310720.0
237,59,layer2_2_conv1_fwd_1,"('layer2_1_relu_2_fwd_1',)",327680,81920,65536,0,0,0,call_module,layer2.2.conv1,Conv2d,"[10, 512, 8, 8]","[10, 128, 8, 8]","{'weight': torch.Size([128, 512, 1, 1])}",{},[4],FWD,1,3211200,0,3210688,40960,41943040.0
238,60,layer2_2_bn1_fwd_1,"('layer2_2_conv1_fwd_1',)",81920,81920,256,0,0,0,call_module,layer2.2.bn1,BatchNorm2d,"[10, 128, 8, 8]","[10, 128, 8, 8]","{'weight': torch.Size([128]), 'bias': torch.Size([128])}",{},[4],FWD,1,3211200,0,3210688,40960,1475584.0
239,61,layer2_2_relu_fwd_1,"('layer2_2_bn1_fwd_1',)",81920,81920,0,0,0,0,call_module,layer2.2.relu,ReLU,"[10, 128, 8, 8]","[10, 128, 8, 8]",{},{},[4],FWD,1,3211200,0,3210688,40960,327680.0
240,62,layer2_2_conv2_fwd_1,"('layer2_2_relu_fwd_1',)",81920,81920,147456,0,0,0,call_module,layer2.2.conv2,Conv2d,"[10, 128, 8, 8]","[10, 128, 8, 8]","{'weight': torch.Size([128, 128, 3, 3])}",{},[4],FWD,1,3211200,0,3210688,40960,94371840.0
241,63,layer2_2_bn2_fwd_1,"('layer2_2_conv2_fwd_1',)",81920,81920,256,0,0,0,call_module,layer2.2.bn2,BatchNorm2d,"[10, 128, 8, 8]","[10, 128, 8, 8]","{'weight': torch.Size([128]), 'bias': torch.Size([128])}",{},[4],FWD,1,3211200,0,3210688,40960,1475584.0
242,64,layer2_2_relu_1_fwd_1,"('layer2_2_bn2_fwd_1',)",81920,81920,0,0,0,0,call_module,layer2.2.relu,ReLU,"[10, 128, 8, 8]","[10, 128, 8, 8]",{},{},[4],FWD,1,3211200,0,3210688,40960,327680.0
243,65,layer2_2_conv3_fwd_1,"('layer2_2_relu_1_fwd_1',)",81920,327680,65536,0,0,0,call_module,layer2.2.conv3,Conv2d,"[10, 128, 8, 8]","[10, 512, 8, 8]","{'weight': torch.Size([512, 128, 1, 1])}",{},[4],FWD,1,3211200,0,3210688,40960,41943040.0
244,66,layer2_2_bn3_fwd_1,"('layer2_2_conv3_fwd_1',)",327680,327680,1024,0,0,0,call_module,layer2.2.bn3,BatchNorm2d,"[10, 512, 8, 8]","[10, 512, 8, 8]","{'weight': torch.Size([512]), 'bias': torch.Size([512])}",{},[4],FWD,1,3211200,0,3210688,40960,5902336.0
245,67,add_5_fwd_1,"('layer2_2_bn3_fwd_1', 'layer2_1_relu_2_fwd_1')",327680,327680,0,0,0,0,call_function,<built-in function add>,,"[10, 512, 8, 8]","[10, 512, 8, 8]",0,{},[4],FWD,1,3211200,0,3210688,40960,327680.0
246,68,layer2_2_relu_2_fwd_1,"('add_5_fwd_1',)",327680,327680,0,0,0,0,call_module,layer2.2.relu,ReLU,"[10, 512, 8, 8]","[10, 512, 8, 8]",{},{},[4],FWD,1,3211200,0,3210688,40960,1310720.0
247,69,layer2_3_conv1_fwd_1,"('layer2_2_relu_2_fwd_1',)",327680,81920,65536,0,0,0,call_module,layer2.3.conv1,Conv2d,"[10, 512, 8, 8]","[10, 128, 8, 8]","{'weight': torch.Size([128, 512, 1, 1])}",{},[4],FWD,1,3211200,0,3210688,40960,41943040.0
248,70,layer2_3_bn1_fwd_1,"('layer2_3_conv1_fwd_1',)",81920,81920,256,0,0,0,call_module,layer2.3.bn1,BatchNorm2d,"[10, 128, 8, 8]","[10, 128, 8, 8]","{'weight': torch.Size([128]), 'bias': torch.Size([128])}",{},[4],FWD,1,3211200,0,3210688,40960,1475584.0
249,71,layer2_3_relu_fwd_1,"('layer2_3_bn1_fwd_1',)",81920,81920,0,0,0,0,call_module,layer2.3.relu,ReLU,"[10, 128, 8, 8]","[10, 128, 8, 8]",{},{},[4],FWD,1,3211200,0,3210688,40960,327680.0
250,72,layer2_3_conv2_fwd_1,"('layer2_3_relu_fwd_1',)",81920,81920,147456,0,0,0,call_module,layer2.3.conv2,Conv2d,"[10, 128, 8, 8]","[10, 128, 8, 8]","{'weight': torch.Size([128, 128, 3, 3])}",{},[4],FWD,1,3211200,0,3210688,40960,94371840.0
251,73,layer2_3_bn2_fwd_1,"('layer2_3_conv2_fwd_1',)",81920,81920,256,0,0,0,call_module,layer2.3.bn2,BatchNorm2d,"[10, 128, 8, 8]","[10, 128, 8, 8]","{'weight': torch.Size([128]), 'bias': torch.Size([128])}",{},[4],FWD,1,3211200,0,3210688,40960,1475584.0
252,74,layer2_3_relu_1_fwd_1,"('layer2_3_bn2_fwd_1',)",81920,81920,0,0,0,0,call_module,layer2.3.relu,ReLU,"[10, 128, 8, 8]","[10, 128, 8, 8]",{},{},[4],FWD,1,3211200,0,3210688,40960,327680.0
253,75,layer2_3_conv3_fwd_1,"('layer2_3_relu_1_fwd_1',)",81920,327680,65536,0,0,0,call_module,layer2.3.conv3,Conv2d,"[10, 128, 8, 8]","[10, 512, 8, 8]","{'weight': torch.Size([512, 128, 1, 1])}",{},[4],FWD,1,3211200,0,3210688,40960,41943040.0
254,76,layer2_3_bn3_fwd_1,"('layer2_3_conv3_fwd_1',)",327680,327680,1024,0,0,0,call_module,layer2.3.bn3,BatchNorm2d,"[10, 512, 8, 8]","[10, 512, 8, 8]","{'weight': torch.Size([512]), 'bias': torch.Size([512])}",{},[4],FWD,1,3211200,0,3210688,40960,5902336.0
255,77,add_6_fwd_1,"('layer2_3_bn3_fwd_1', 'layer2_2_relu_2_fwd_1')",327680,327680,0,0,0,0,call_function,<built-in function add>,,"[10, 512, 8, 8]","[10, 512, 8, 8]",0,{},[4],FWD,1,3211200,0,3210688,40960,327680.0
256,78,layer2_3_relu_2_fwd_1,"('add_6_fwd_1',)",327680,327680,0,0,0,0,call_module,layer2.3.relu,ReLU,"[10, 512, 8, 8]","[10, 512, 8, 8]",{},{},[4],FWD,1,3211200,0,3210688,40960,1310720.0
257,79,layer3_0_conv1_fwd_1,"('layer2_3_relu_2_fwd_1',)",327680,40960,131072,0,0,0,call_module,layer3.0.conv1,Conv2d,"[10, 512, 8, 8]","[10, 256, 4, 4]","{'weight': torch.Size([256, 512, 1, 1])}",{},[4],FWD,1,3211200,0,3210688,40960,20971520.0
258,80,layer3_0_bn1_fwd_1,"('layer3_0_conv1_fwd_1',)",40960,40960,512,0,0,0,call_module,layer3.0.bn1,BatchNorm2d,"[10, 256, 4, 4]","[10, 256, 4, 4]","{'weight': torch.Size([256]), 'bias': torch.Size([256])}",{},[4],FWD,1,3211200,0,3210688,40960,739328.0
259,81,layer3_0_relu_fwd_1,"('layer3_0_bn1_fwd_1',)",40960,40960,0,0,0,0,call_module,layer3.0.relu,ReLU,"[10, 256, 4, 4]","[10, 256, 4, 4]",{},{},[4],FWD,1,3211200,0,3210688,40960,163840.0
260,82,layer3_0_conv2_fwd_1,"('layer3_0_relu_fwd_1',)",40960,40960,589824,0,0,0,call_module,layer3.0.conv2,Conv2d,"[10, 256, 4, 4]","[10, 256, 4, 4]","{'weight': torch.Size([256, 256, 3, 3])}",{},[4],FWD,1,3211200,0,3210688,40960,94371840.0
261,83,layer3_0_bn2_fwd_1,"('layer3_0_conv2_fwd_1',)",40960,40960,512,0,0,0,call_module,layer3.0.bn2,BatchNorm2d,"[10, 256, 4, 4]","[10, 256, 4, 4]","{'weight': torch.Size([256]), 'bias': torch.Size([256])}",{},[4],FWD,1,3211200,0,3210688,40960,739328.0
262,84,layer3_0_relu_1_fwd_1,"('layer3_0_bn2_fwd_1',)",40960,40960,0,0,0,0,call_module,layer3.0.relu,ReLU,"[10, 256, 4, 4]","[10, 256, 4, 4]",{},{},[4],FWD,1,3211200,0,3210688,40960,163840.0
263,85,layer3_0_conv3_fwd_1,"('layer3_0_relu_1_fwd_1',)",40960,163840,262144,0,0,0,call_module,layer3.0.conv3,Conv2d,"[10, 256, 4, 4]","[10, 1024, 4, 4]","{'weight': torch.Size([1024, 256, 1, 1])}",{},[4],FWD,1,3211200,0,3210688,40960,41943040.0
264,86,layer3_0_bn3_fwd_1,"('layer3_0_conv3_fwd_1',)",163840,163840,2048,0,0,0,call_module,layer3.0.bn3,BatchNorm2d,"[10, 1024, 4, 4]","[10, 1024, 4, 4]","{'weight': torch.Size([1024]), 'bias': torch.Size([1024])}",{},[4],FWD,1,3211200,0,3210688,40960,2957312.0
265,87,layer3_0_downsample_0_fwd_1,"('layer2_3_relu_2_fwd_1',)",327680,163840,524288,0,0,0,call_module,layer3.0.downsample.0,Conv2d,"[10, 512, 8, 8]","[10, 1024, 4, 4]","{'weight': torch.Size([1024, 512, 1, 1])}",{},[4],FWD,1,3211200,0,3210688,40960,83886080.0
266,88,layer3_0_downsample_1_fwd_1,"('layer3_0_downsample_0_fwd_1',)",163840,163840,2048,0,0,0,call_module,layer3.0.downsample.1,BatchNorm2d,"[10, 1024, 4, 4]","[10, 1024, 4, 4]","{'weight': torch.Size([1024]), 'bias': torch.Size([1024])}",{},[4],FWD,1,3211200,0,3210688,40960,2957312.0
267,89,add_7_fwd_1,"('layer3_0_bn3_fwd_1', 'layer3_0_downsample_1_fwd_1')",163840,163840,0,0,0,0,call_function,<built-in function add>,,"[10, 1024, 4, 4]","[10, 1024, 4, 4]",0,{},[4],FWD,1,3211200,0,3210688,40960,163840.0
268,90,layer3_0_relu_2_fwd_1,"('add_7_fwd_1',)",163840,163840,0,0,0,0,call_module,layer3.0.relu,ReLU,"[10, 1024, 4, 4]","[10, 1024, 4, 4]",{},{},[4],FWD,1,3211200,0,3210688,40960,655360.0
269,91,layer3_1_conv1_fwd_1,"('layer3_0_relu_2_fwd_1',)",163840,40960,262144,0,0,0,call_module,layer3.1.conv1,Conv2d,"[10, 1024, 4, 4]","[10, 256, 4, 4]","{'weight': torch.Size([256, 1024, 1, 1])}",{},[4],FWD,1,3211200,0,3210688,40960,41943040.0
270,92,layer3_1_bn1_fwd_1,"('layer3_1_conv1_fwd_1',)",40960,40960,512,0,0,0,call_module,layer3.1.bn1,BatchNorm2d,"[10, 256, 4, 4]","[10, 256, 4, 4]","{'weight': torch.Size([256]), 'bias': torch.Size([256])}",{},[4],FWD,1,3211200,1,5848064,20480,739328.0
271,93,layer3_1_relu_fwd_1,"('layer3_1_bn1_fwd_1',)",40960,40960,0,0,0,0,call_module,layer3.1.relu,ReLU,"[10, 256, 4, 4]","[10, 256, 4, 4]",{},{},[4],FWD,1,3211200,1,5848064,20480,163840.0
272,94,layer3_1_conv2_fwd_1,"('layer3_1_relu_fwd_1',)",40960,40960,589824,0,0,0,call_module,layer3.1.conv2,Conv2d,"[10, 256, 4, 4]","[10, 256, 4, 4]","{'weight': torch.Size([256, 256, 3, 3])}",{},[4],FWD,2,3351552,1,5848064,20480,94371840.0
273,95,layer3_1_bn2_fwd_1,"('layer3_1_conv2_fwd_1',)",40960,40960,512,0,0,0,call_module,layer3.1.bn2,BatchNorm2d,"[10, 256, 4, 4]","[10, 256, 4, 4]","{'weight': torch.Size([256]), 'bias': torch.Size([256])}",{},[4],FWD,2,3351552,1,5848064,20480,739328.0
274,96,layer3_1_relu_1_fwd_1,"('layer3_1_bn2_fwd_1',)",40960,40960,0,0,0,0,call_module,layer3.1.relu,ReLU,"[10, 256, 4, 4]","[10, 256, 4, 4]",{},{},[4],FWD,2,3351552,1,5848064,20480,163840.0
275,97,layer3_1_conv3_fwd_1,"('layer3_1_relu_1_fwd_1',)",40960,163840,262144,0,0,0,call_module,layer3.1.conv3,Conv2d,"[10, 256, 4, 4]","[10, 1024, 4, 4]","{'weight': torch.Size([1024, 256, 1, 1])}",{},[4],FWD,2,3351552,1,5848064,20480,41943040.0
276,98,layer3_1_bn3_fwd_1,"('layer3_1_conv3_fwd_1',)",163840,163840,2048,0,0,0,call_module,layer3.1.bn3,BatchNorm2d,"[10, 1024, 4, 4]","[10, 1024, 4, 4]","{'weight': torch.Size([1024]), 'bias': torch.Size([1024])}",{},[4],FWD,2,3351552,1,5848064,20480,2957312.0
277,99,add_8_fwd_1,"('layer3_1_bn3_fwd_1', 'layer3_0_relu_2_fwd_1')",163840,163840,0,0,0,0,call_function,<built-in function add>,,"[10, 1024, 4, 4]","[10, 1024, 4, 4]",0,{},[4],FWD,2,3351552,1,5848064,20480,163840.0
278,100,layer3_1_relu_2_fwd_1,"('add_8_fwd_1',)",163840,163840,0,0,0,0,call_module,layer3.1.relu,ReLU,"[10, 1024, 4, 4]","[10, 1024, 4, 4]",{},{},[4],FWD,2,3351552,1,5848064,20480,655360.0
279,101,layer3_2_conv1_fwd_1,"('layer3_1_relu_2_fwd_1',)",163840,40960,262144,0,0,0,call_module,layer3.2.conv1,Conv2d,"[10, 1024, 4, 4]","[10, 256, 4, 4]","{'weight': torch.Size([256, 1024, 1, 1])}",{},[4],FWD,2,3351552,1,5848064,20480,41943040.0
280,102,layer3_2_bn1_fwd_1,"('layer3_2_conv1_fwd_1',)",40960,40960,512,0,0,0,call_module,layer3.2.bn1,BatchNorm2d,"[10, 256, 4, 4]","[10, 256, 4, 4]","{'weight': torch.Size([256]), 'bias': torch.Size([256])}",{},[4],FWD,2,3351552,1,5848064,20480,739328.0
281,103,layer3_2_relu_fwd_1,"('layer3_2_bn1_fwd_1',)",40960,40960,0,0,0,0,call_module,layer3.2.relu,ReLU,"[10, 256, 4, 4]","[10, 256, 4, 4]",{},{},[4],FWD,2,3351552,1,5848064,20480,163840.0
282,104,layer3_2_conv2_fwd_1,"('layer3_2_relu_fwd_1',)",40960,40960,589824,0,0,0,call_module,layer3.2.conv2,Conv2d,"[10, 256, 4, 4]","[10, 256, 4, 4]","{'weight': torch.Size([256, 256, 3, 3])}",{},[4],FWD,2,3351552,1,5848064,20480,94371840.0
283,105,layer3_2_bn2_fwd_1,"('layer3_2_conv2_fwd_1',)",40960,40960,512,0,0,0,call_module,layer3.2.bn2,BatchNorm2d,"[10, 256, 4, 4]","[10, 256, 4, 4]","{'weight': torch.Size([256]), 'bias': torch.Size([256])}",{},[4],FWD,2,3351552,1,5848064,20480,739328.0
284,106,layer3_2_relu_1_fwd_1,"('layer3_2_bn2_fwd_1',)",40960,40960,0,0,0,0,call_module,layer3.2.relu,ReLU,"[10, 256, 4, 4]","[10, 256, 4, 4]",{},{},[4],FWD,2,3351552,1,5848064,20480,163840.0
285,107,layer3_2_conv3_fwd_1,"('layer3_2_relu_1_fwd_1',)",40960,163840,262144,0,0,0,call_module,layer3.2.conv3,Conv2d,"[10, 256, 4, 4]","[10, 1024, 4, 4]","{'weight': torch.Size([1024, 256, 1, 1])}",{},[4],FWD,2,3351552,1,5848064,20480,41943040.0
286,108,layer3_2_bn3_fwd_1,"('layer3_2_conv3_fwd_1',)",163840,163840,2048,0,0,0,call_module,layer3.2.bn3,BatchNorm2d,"[10, 1024, 4, 4]","[10, 1024, 4, 4]","{'weight': torch.Size([1024]), 'bias': torch.Size([1024])}",{},[4],FWD,2,3351552,1,5848064,20480,2957312.0
287,109,add_9_fwd_1,"('layer3_2_bn3_fwd_1', 'layer3_1_relu_2_fwd_1')",163840,163840,0,0,0,0,call_function,<built-in function add>,,"[10, 1024, 4, 4]","[10, 1024, 4, 4]",0,{},[4],FWD,2,3351552,1,5848064,20480,163840.0
288,110,layer3_2_relu_2_fwd_1,"('add_9_fwd_1',)",163840,163840,0,0,0,0,call_module,layer3.2.relu,ReLU,"[10, 1024, 4, 4]","[10, 1024, 4, 4]",{},{},[4],FWD,2,3351552,1,5848064,20480,655360.0
289,111,layer3_3_conv1_fwd_1,"('layer3_2_relu_2_fwd_1',)",163840,40960,262144,0,0,0,call_module,layer3.3.conv1,Conv2d,"[10, 1024, 4, 4]","[10, 256, 4, 4]","{'weight': torch.Size([256, 1024, 1, 1])}",{},[4],FWD,2,3351552,1,5848064,20480,41943040.0
290,112,layer3_3_bn1_fwd_1,"('layer3_3_conv1_fwd_1',)",40960,40960,512,0,0,0,call_module,layer3.3.bn1,BatchNorm2d,"[10, 256, 4, 4]","[10, 256, 4, 4]","{'weight': torch.Size([256]), 'bias': torch.Size([256])}",{},[4],FWD,2,3351552,1,5848064,20480,739328.0
291,113,layer3_3_relu_fwd_1,"('layer3_3_bn1_fwd_1',)",40960,40960,0,0,0,0,call_module,layer3.3.relu,ReLU,"[10, 256, 4, 4]","[10, 256, 4, 4]",{},{},[4],FWD,2,3351552,1,5848064,20480,163840.0
292,114,layer3_3_conv2_fwd_1,"('layer3_3_relu_fwd_1',)",40960,40960,589824,0,0,0,call_module,layer3.3.conv2,Conv2d,"[10, 256, 4, 4]","[10, 256, 4, 4]","{'weight': torch.Size([256, 256, 3, 3])}",{},[4],FWD,2,3351552,1,5848064,20480,94371840.0
293,115,layer3_3_bn2_fwd_1,"('layer3_3_conv2_fwd_1',)",40960,40960,512,0,0,0,call_module,layer3.3.bn2,BatchNorm2d,"[10, 256, 4, 4]","[10, 256, 4, 4]","{'weight': torch.Size([256]), 'bias': torch.Size([256])}",{},[4],FWD,2,3351552,1,5848064,20480,739328.0
294,116,layer3_3_relu_1_fwd_1,"('layer3_3_bn2_fwd_1',)",40960,40960,0,0,0,0,call_module,layer3.3.relu,ReLU,"[10, 256, 4, 4]","[10, 256, 4, 4]",{},{},[4],FWD,2,3351552,1,5848064,20480,163840.0
295,117,layer3_3_conv3_fwd_1,"('layer3_3_relu_1_fwd_1',)",40960,163840,262144,0,0,0,call_module,layer3.3.conv3,Conv2d,"[10, 256, 4, 4]","[10, 1024, 4, 4]","{'weight': torch.Size([1024, 256, 1, 1])}",{},[4],FWD,2,3351552,1,5848064,20480,41943040.0
296,118,layer3_3_bn3_fwd_1,"('layer3_3_conv3_fwd_1',)",163840,163840,2048,0,0,0,call_module,layer3.3.bn3,BatchNorm2d,"[10, 1024, 4, 4]","[10, 1024, 4, 4]","{'weight': torch.Size([1024]), 'bias': torch.Size([1024])}",{},[4],FWD,2,3351552,1,5848064,20480,2957312.0
297,119,add_10_fwd_1,"('layer3_3_bn3_fwd_1', 'layer3_2_relu_2_fwd_1')",163840,163840,0,0,0,0,call_function,<built-in function add>,,"[10, 1024, 4, 4]","[10, 1024, 4, 4]",0,{},[4],FWD,2,3351552,1,5848064,20480,163840.0
298,120,layer3_3_relu_2_fwd_1,"('add_10_fwd_1',)",163840,163840,0,0,0,0,call_module,layer3.3.relu,ReLU,"[10, 1024, 4, 4]","[10, 1024, 4, 4]",{},{},[4],FWD,2,3351552,1,5848064,20480,655360.0
299,121,layer3_4_conv1_fwd_1,"('layer3_3_relu_2_fwd_1',)",163840,40960,262144,0,0,0,call_module,layer3.4.conv1,Conv2d,"[10, 1024, 4, 4]","[10, 256, 4, 4]","{'weight': torch.Size([256, 1024, 1, 1])}",{},[4],FWD,2,3351552,1,5848064,20480,41943040.0
300,122,layer3_4_bn1_fwd_1,"('layer3_4_conv1_fwd_1',)",40960,40960,512,0,0,0,call_module,layer3.4.bn1,BatchNorm2d,"[10, 256, 4, 4]","[10, 256, 4, 4]","{'weight': torch.Size([256]), 'bias': torch.Size([256])}",{},[4],FWD,2,3351552,1,5848064,20480,739328.0
301,123,layer3_4_relu_fwd_1,"('layer3_4_bn1_fwd_1',)",40960,40960,0,0,0,0,call_module,layer3.4.relu,ReLU,"[10, 256, 4, 4]","[10, 256, 4, 4]",{},{},[4],FWD,2,3351552,1,5848064,20480,163840.0
302,124,layer3_4_conv2_fwd_1,"('layer3_4_relu_fwd_1',)",40960,40960,589824,0,0,0,call_module,layer3.4.conv2,Conv2d,"[10, 256, 4, 4]","[10, 256, 4, 4]","{'weight': torch.Size([256, 256, 3, 3])}",{},[4],FWD,3,2497024,1,5848064,20480,94371840.0
303,125,layer3_4_bn2_fwd_1,"('layer3_4_conv2_fwd_1',)",40960,40960,512,0,0,0,call_module,layer3.4.bn2,BatchNorm2d,"[10, 256, 4, 4]","[10, 256, 4, 4]","{'weight': torch.Size([256]), 'bias': torch.Size([256])}",{},[4],FWD,3,2497024,1,5848064,20480,739328.0
304,126,layer3_4_relu_1_fwd_1,"('layer3_4_bn2_fwd_1',)",40960,40960,0,0,0,0,call_module,layer3.4.relu,ReLU,"[10, 256, 4, 4]","[10, 256, 4, 4]",{},{},[4],FWD,3,2497024,1,5848064,20480,163840.0
305,127,layer3_4_conv3_fwd_1,"('layer3_4_relu_1_fwd_1',)",40960,163840,262144,0,0,0,call_module,layer3.4.conv3,Conv2d,"[10, 256, 4, 4]","[10, 1024, 4, 4]","{'weight': torch.Size([1024, 256, 1, 1])}",{},[4],FWD,3,2497024,1,5848064,20480,41943040.0
306,128,layer3_4_bn3_fwd_1,"('layer3_4_conv3_fwd_1',)",163840,163840,2048,0,0,0,call_module,layer3.4.bn3,BatchNorm2d,"[10, 1024, 4, 4]","[10, 1024, 4, 4]","{'weight': torch.Size([1024]), 'bias': torch.Size([1024])}",{},[4],FWD,3,2497024,1,5848064,20480,2957312.0
307,129,add_11_fwd_1,"('layer3_4_bn3_fwd_1', 'layer3_3_relu_2_fwd_1')",163840,163840,0,0,0,0,call_function,<built-in function add>,,"[10, 1024, 4, 4]","[10, 1024, 4, 4]",0,{},[4],FWD,3,2497024,1,5848064,20480,163840.0
308,130,layer3_4_relu_2_fwd_1,"('add_11_fwd_1',)",163840,163840,0,0,0,0,call_module,layer3.4.relu,ReLU,"[10, 1024, 4, 4]","[10, 1024, 4, 4]",{},{},[4],FWD,3,2497024,1,5848064,20480,655360.0
309,131,layer3_5_conv1_fwd_1,"('layer3_4_relu_2_fwd_1',)",163840,40960,262144,0,0,0,call_module,layer3.5.conv1,Conv2d,"[10, 1024, 4, 4]","[10, 256, 4, 4]","{'weight': torch.Size([256, 1024, 1, 1])}",{},[4],FWD,3,2497024,1,5848064,20480,41943040.0
310,132,layer3_5_bn1_fwd_1,"('layer3_5_conv1_fwd_1',)",40960,40960,512,0,0,0,call_module,layer3.5.bn1,BatchNorm2d,"[10, 256, 4, 4]","[10, 256, 4, 4]","{'weight': torch.Size([256]), 'bias': torch.Size([256])}",{},[4],FWD,3,2497024,1,5848064,20480,739328.0
311,133,layer3_5_relu_fwd_1,"('layer3_5_bn1_fwd_1',)",40960,40960,0,0,0,0,call_module,layer3.5.relu,ReLU,"[10, 256, 4, 4]","[10, 256, 4, 4]",{},{},[4],FWD,3,2497024,1,5848064,20480,163840.0
312,134,layer3_5_conv2_fwd_1,"('layer3_5_relu_fwd_1',)",40960,40960,589824,0,0,0,call_module,layer3.5.conv2,Conv2d,"[10, 256, 4, 4]","[10, 256, 4, 4]","{'weight': torch.Size([256, 256, 3, 3])}",{},[4],FWD,3,2497024,1,5848064,20480,94371840.0
313,135,layer3_5_bn2_fwd_1,"('layer3_5_conv2_fwd_1',)",40960,40960,512,0,0,0,call_module,layer3.5.bn2,BatchNorm2d,"[10, 256, 4, 4]","[10, 256, 4, 4]","{'weight': torch.Size([256]), 'bias': torch.Size([256])}",{},[4],FWD,3,2497024,1,5848064,20480,739328.0
314,136,layer3_5_relu_1_fwd_1,"('layer3_5_bn2_fwd_1',)",40960,40960,0,0,0,0,call_module,layer3.5.relu,ReLU,"[10, 256, 4, 4]","[10, 256, 4, 4]",{},{},[4],FWD,3,2497024,1,5848064,20480,163840.0
315,137,layer3_5_conv3_fwd_1,"('layer3_5_relu_1_fwd_1',)",40960,163840,262144,0,0,0,call_module,layer3.5.conv3,Conv2d,"[10, 256, 4, 4]","[10, 1024, 4, 4]","{'weight': torch.Size([1024, 256, 1, 1])}",{},[4],FWD,3,2497024,1,5848064,20480,41943040.0
316,138,layer3_5_bn3_fwd_1,"('layer3_5_conv3_fwd_1',)",163840,163840,2048,0,0,0,call_module,layer3.5.bn3,BatchNorm2d,"[10, 1024, 4, 4]","[10, 1024, 4, 4]","{'weight': torch.Size([1024]), 'bias': torch.Size([1024])}",{},[4],FWD,3,2497024,1,5848064,20480,2957312.0
317,139,add_12_fwd_1,"('layer3_5_bn3_fwd_1', 'layer3_4_relu_2_fwd_1')",163840,163840,0,0,0,0,call_function,<built-in function add>,,"[10, 1024, 4, 4]","[10, 1024, 4, 4]",0,{},[4],FWD,3,2497024,1,5848064,20480,163840.0
318,140,layer3_5_relu_2_fwd_1,"('add_12_fwd_1',)",163840,163840,0,0,0,0,call_module,layer3.5.relu,ReLU,"[10, 1024, 4, 4]","[10, 1024, 4, 4]",{},{},[4],FWD,3,2497024,1,5848064,20480,655360.0
319,141,layer4_0_conv1_fwd_1,"('layer3_5_relu_2_fwd_1',)",163840,20480,524288,0,0,0,call_module,layer4.0.conv1,Conv2d,"[10, 1024, 4, 4]","[10, 512, 2, 2]","{'weight': torch.Size([512, 1024, 1, 1])}",{},[4],FWD,3,2497024,1,5848064,20480,20971520.0
320,142,layer4_0_bn1_fwd_1,"('layer4_0_conv1_fwd_1',)",20480,20480,1024,0,0,0,call_module,layer4.0.bn1,BatchNorm2d,"[10, 512, 2, 2]","[10, 512, 2, 2]","{'weight': torch.Size([512]), 'bias': torch.Size([512])}",{},[4],FWD,3,2497024,2,1024,20480,372736.0
321,143,layer4_0_relu_fwd_1,"('layer4_0_bn1_fwd_1',)",20480,20480,0,0,0,0,call_module,layer4.0.relu,ReLU,"[10, 512, 2, 2]","[10, 512, 2, 2]",{},{},[4],FWD,3,2497024,3,0,20480,81920.0
322,144,layer4_0_conv2_fwd_1,"('layer4_0_relu_fwd_1',)",20480,20480,2359296,0,0,0,call_module,layer4.0.conv2,Conv2d,"[10, 512, 2, 2]","[10, 512, 2, 2]","{'weight': torch.Size([512, 512, 3, 3])}",{},[4],FWD,4,3412992,4,2359296,20480,94371840.0
323,145,layer4_0_bn2_fwd_1,"('layer4_0_conv2_fwd_1',)",20480,20480,1024,0,0,0,call_module,layer4.0.bn2,BatchNorm2d,"[10, 512, 2, 2]","[10, 512, 2, 2]","{'weight': torch.Size([512]), 'bias': torch.Size([512])}",{},[4],FWD,4,3412992,5,4203520,20480,372736.0
324,146,layer4_0_relu_1_fwd_1,"('layer4_0_bn2_fwd_1',)",20480,20480,0,0,0,0,call_module,layer4.0.relu,ReLU,"[10, 512, 2, 2]","[10, 512, 2, 2]",{},{},[4],FWD,4,3412992,5,4203520,20480,81920.0
325,147,layer4_0_conv3_fwd_1,"('layer4_0_relu_1_fwd_1',)",20480,81920,1048576,0,0,0,call_module,layer4.0.conv3,Conv2d,"[10, 512, 2, 2]","[10, 2048, 2, 2]","{'weight': torch.Size([2048, 512, 1, 1])}",{},[4],FWD,4,3412992,5,4203520,20480,41943040.0
326,148,layer4_0_bn3_fwd_1,"('layer4_0_conv3_fwd_1',)",81920,81920,4096,0,0,0,call_module,layer4.0.bn3,BatchNorm2d,"[10, 2048, 2, 2]","[10, 2048, 2, 2]","{'weight': torch.Size([2048]), 'bias': torch.Size([2048])}",{},[4],FWD,4,3412992,5,4203520,20480,1490944.0
327,149,layer4_0_downsample_0_fwd_1,"('layer3_5_relu_2_fwd_1',)",163840,81920,2097152,0,0,0,call_module,layer4.0.downsample.0,Conv2d,"[10, 1024, 4, 4]","[10, 2048, 2, 2]","{'weight': torch.Size([2048, 1024, 1, 1])}",{},[4],FWD,5,3150848,5,4203520,20480,83886080.0
328,150,layer4_0_downsample_1_fwd_1,"('layer4_0_downsample_0_fwd_1',)",81920,81920,4096,0,0,0,call_module,layer4.0.downsample.1,BatchNorm2d,"[10, 2048, 2, 2]","[10, 2048, 2, 2]","{'weight': torch.Size([2048]), 'bias': torch.Size([2048])}",{},[4],FWD,5,3150848,5,4203520,20480,1490944.0
329,151,add_13_fwd_1,"('layer4_0_bn3_fwd_1', 'layer4_0_downsample_1_fwd_1')",81920,81920,0,0,0,0,call_function,<built-in function add>,,"[10, 2048, 2, 2]","[10, 2048, 2, 2]",0,{},[4],FWD,5,3150848,5,4203520,20480,81920.0
330,152,layer4_0_relu_2_fwd_1,"('add_13_fwd_1',)",81920,81920,0,0,0,0,call_module,layer4.0.relu,ReLU,"[10, 2048, 2, 2]","[10, 2048, 2, 2]",{},{},[4],FWD,5,3150848,5,4203520,20480,327680.0
331,153,layer4_1_conv1_fwd_1,"('layer4_0_relu_2_fwd_1',)",81920,20480,1048576,0,0,0,call_module,layer4.1.conv1,Conv2d,"[10, 2048, 2, 2]","[10, 512, 2, 2]","{'weight': torch.Size([512, 2048, 1, 1])}",{},[4],FWD,5,3150848,5,4203520,20480,41943040.0
332,154,layer4_1_bn1_fwd_1,"('layer4_1_conv1_fwd_1',)",20480,20480,1024,0,0,0,call_module,layer4.1.bn1,BatchNorm2d,"[10, 512, 2, 2]","[10, 512, 2, 2]","{'weight': torch.Size([512]), 'bias': torch.Size([512])}",{},[4],FWD,5,3150848,6,2360320,20480,372736.0
333,155,layer4_1_relu_fwd_1,"('layer4_1_bn1_fwd_1',)",20480,20480,0,0,0,0,call_module,layer4.1.relu,ReLU,"[10, 512, 2, 2]","[10, 512, 2, 2]",{},{},[4],FWD,5,3150848,6,2360320,20480,81920.0
334,156,layer4_1_conv2_fwd_1,"('layer4_1_relu_fwd_1',)",20480,20480,2359296,0,0,0,call_module,layer4.1.conv2,Conv2d,"[10, 512, 2, 2]","[10, 512, 2, 2]","{'weight': torch.Size([512, 512, 3, 3])}",{},[4],FWD,6,3412992,6,2360320,20480,94371840.0
335,157,layer4_1_bn2_fwd_1,"('layer4_1_conv2_fwd_1',)",20480,20480,1024,0,0,0,call_module,layer4.1.bn2,BatchNorm2d,"[10, 512, 2, 2]","[10, 512, 2, 2]","{'weight': torch.Size([512]), 'bias': torch.Size([512])}",{},[4],FWD,6,3412992,7,5536778,100,372736.0
336,158,layer4_1_relu_1_fwd_1,"('layer4_1_bn2_fwd_1',)",20480,20480,0,0,0,0,call_module,layer4.1.relu,ReLU,"[10, 512, 2, 2]","[10, 512, 2, 2]",{},{},[4],FWD,6,3412992,7,5536778,100,81920.0
337,159,layer4_1_conv3_fwd_1,"('layer4_1_relu_1_fwd_1',)",20480,81920,1048576,0,0,0,call_module,layer4.1.conv3,Conv2d,"[10, 512, 2, 2]","[10, 2048, 2, 2]","{'weight': torch.Size([2048, 512, 1, 1])}",{},[4],FWD,6,3412992,7,5536778,100,41943040.0
338,160,layer4_1_bn3_fwd_1,"('layer4_1_conv3_fwd_1',)",81920,81920,4096,0,0,0,call_module,layer4.1.bn3,BatchNorm2d,"[10, 2048, 2, 2]","[10, 2048, 2, 2]","{'weight': torch.Size([2048]), 'bias': torch.Size([2048])}",{},[4],FWD,6,3412992,7,5536778,100,1490944.0
339,161,add_14_fwd_1,"('layer4_1_bn3_fwd_1', 'layer4_0_relu_2_fwd_1')",81920,81920,0,0,0,0,call_function,<built-in function add>,,"[10, 2048, 2, 2]","[10, 2048, 2, 2]",0,{},[4],FWD,6,3412992,7,5536778,100,81920.0
340,162,layer4_1_relu_2_fwd_1,"('add_14_fwd_1',)",81920,81920,0,0,0,0,call_module,layer4.1.relu,ReLU,"[10, 2048, 2, 2]","[10, 2048, 2, 2]",{},{},[4],FWD,6,3412992,7,5536778,100,327680.0
341,163,layer4_2_conv1_fwd_1,"('layer4_1_relu_2_fwd_1',)",81920,20480,1048576,0,0,0,call_module,layer4.2.conv1,Conv2d,"[10, 2048, 2, 2]","[10, 512, 2, 2]","{'weight': torch.Size([512, 2048, 1, 1])}",{},[4],FWD,7,3409920,7,5536778,100,41943040.0
342,164,layer4_2_bn1_fwd_1,"('layer4_2_conv1_fwd_1',)",20480,20480,1024,0,0,0,call_module,layer4.2.bn1,BatchNorm2d,"[10, 512, 2, 2]","[10, 512, 2, 2]","{'weight': torch.Size([512]), 'bias': torch.Size([512])}",{},[4],FWD,7,3409920,7,5536778,100,372736.0
343,165,layer4_2_relu_fwd_1,"('layer4_2_bn1_fwd_1',)",20480,20480,0,0,0,0,call_module,layer4.2.relu,ReLU,"[10, 512, 2, 2]","[10, 512, 2, 2]",{},{},[4],FWD,7,3409920,7,5536778,100,81920.0
344,166,layer4_2_conv2_fwd_1,"('layer4_2_relu_fwd_1',)",20480,20480,2359296,0,0,0,call_module,layer4.2.conv2,Conv2d,"[10, 512, 2, 2]","[10, 512, 2, 2]","{'weight': torch.Size([512, 512, 3, 3])}",{},[4],FWD,7,3409920,7,5536778,100,94371840.0
345,167,layer4_2_bn2_fwd_1,"('layer4_2_conv2_fwd_1',)",20480,20480,1024,0,0,0,call_module,layer4.2.bn2,BatchNorm2d,"[10, 512, 2, 2]","[10, 512, 2, 2]","{'weight': torch.Size([512]), 'bias': torch.Size([512])}",{},[4],FWD,7,3409920,7,5536778,100,372736.0
346,168,layer4_2_relu_1_fwd_1,"('layer4_2_bn2_fwd_1',)",20480,20480,0,0,0,0,call_module,layer4.2.relu,ReLU,"[10, 512, 2, 2]","[10, 512, 2, 2]",{},{},[4],FWD,7,3409920,7,5536778,100,81920.0
347,169,layer4_2_conv3_fwd_1,"('layer4_2_relu_1_fwd_1',)",20480,81920,1048576,0,0,0,call_module,layer4.2.conv3,Conv2d,"[10, 512, 2, 2]","[10, 2048, 2, 2]","{'weight': torch.Size([2048, 512, 1, 1])}",{},[4],FWD,8,1073162,7,5536778,100,41943040.0
348,170,layer4_2_bn3_fwd_1,"('layer4_2_conv3_fwd_1',)",81920,81920,4096,0,0,0,call_module,layer4.2.bn3,BatchNorm2d,"[10, 2048, 2, 2]","[10, 2048, 2, 2]","{'weight': torch.Size([2048]), 'bias': torch.Size([2048])}",{},[4],FWD,8,1073162,7,5536778,100,1490944.0
349,171,add_15_fwd_1,"('layer4_2_bn3_fwd_1', 'layer4_1_relu_2_fwd_1')",81920,81920,0,0,0,0,call_function,<built-in function add>,,"[10, 2048, 2, 2]","[10, 2048, 2, 2]",0,{},[4],FWD,8,1073162,7,5536778,100,81920.0
350,172,layer4_2_relu_2_fwd_1,"('add_15_fwd_1',)",81920,81920,0,0,0,0,call_module,layer4.2.relu,ReLU,"[10, 2048, 2, 2]","[10, 2048, 2, 2]",{},{},[4],FWD,8,1073162,7,5536778,100,327680.0
351,173,avgpool_fwd_1,"('layer4_2_relu_2_fwd_1',)",81920,20480,0,0,0,0,call_module,avgpool,AvgPool2d,"[10, 2048, 2, 2]","[10, 2048, 1, 1]",{},{},[4],FWD,8,1073162,7,5536778,100,163840.0
352,174,size_fwd_1,"('avgpool_fwd_1', 0)",20480,20480,0,0,0,0,call_method,size,,"[10, 2048, 1, 1]","[10, 2048, 1, 1]",0,{},[4],FWD,8,1073162,7,5536778,100,20480.0
353,175,view_fwd_1,"('avgpool_fwd_1', 'size_fwd_1', -1)",20480,20480,0,0,0,0,call_method,view,,"[10, 2048, 1, 1]","[10, 2048, 1, 1]",0,{},[4],FWD,8,1073162,7,5536778,100,20480.0
354,176,fc_fwd_1,"('view_fwd_1',)",20480,100,20490,0,0,0,call_module,fc,Linear,"[10, 2048]","[10, 10]","{'weight': torch.Size([10, 2048]), 'bias': torch.Size([10])}",{},[4],FWD,8,1073162,7,5536778,100,87968803.08922373
355,177,output_fwd_1,"('fc_fwd_1',)",100,100,0,0,0,0,output,output,,"[10, 10]","[10, 10]",0,{},[4],FWD,8,1073162,7,5536778,100,100.0
